size,type,condition,board_x,heuristic_name,moves,board_size,board_type,actionsSolution,solutionCorrect,solutionAndValidationCorrect,timeMinutes,PercentCorrect,solutionAndValidationCorrectPercent,board_y,timePerMoveMinutes,timePerMove,moves_type
10,MC,full,10 MC full,interaction,450,10,medium,43,1,0,6.24675,100,0,10 MC,0.145273256,8.71639536,participant
10,MC,full,10 MC full,interaction,450,10,medium,27,1,0,4.1896,100,0,10 MC,0.15517037,9.3102222,participant
10,MC,full,10 MC full,interaction,450,10,medium,26,0,0,3.763416667,0,0,10 MC,0.144746795,8.6848077,participant
10,MC,full,10 MC full,interaction,450,10,medium,8,0,0,0.431733333,0,0,10 MC,0.053966667,3.23800002,participant
10,MC,full,10 MC full,interaction,450,10,medium,56,0,0,6.845566667,0,0,10 MC,0.122242262,7.33453572,participant
10,MC,full,10 MC full,interaction,450,10,medium,18,0,0,3.47875,0,0,10 MC,0.193263889,11.59583334,participant
10,MC,full,10 MC full,interaction,450,10,medium,15,0,0,2.290883333,0,0,10 MC,0.152725556,9.16353336,participant
10,MC,full,10 MC full,interaction,450,10,medium,28,0,0,4.3189,0,0,10 MC,0.154246429,9.25478574,participant
10,MC,full,10 MC full,interaction,450,10,medium,13,1,1,1.411633333,100,100,10 MC,0.108587179,6.51523074,participant
10,MC,full,10 MC full,interaction,450,10,medium,172,0,0,10.03778333,0,0,10 MC,0.058359205,3.5015523,participant
10,MC,full,10 MC full,interaction,450,10,medium,61,0,0,10.06065,0,0,10 MC,0.164928689,9.89572134,participant
10,MC,full,10 MC full,interaction,450,10,medium,75,0,0,8.114033333,0,0,10 MC,0.108187111,6.49122666,participant
10,MC,full,10 MC full,interaction,450,10,medium,80,0,0,9.548483333,0,0,10 MC,0.119356042,7.16136252,participant
10,MC,full,10 MC full,interaction,450,10,medium,22,0,0,1.2113,0,0,10 MC,0.055059091,3.30354546,participant
10,MC,full,10 MC full,interaction,450,10,medium,12,0,0,2.488333333,0,0,10 MC,0.207361111,12.44166666,participant
10,MC,full,10 MC full,interaction,450,10,medium,64,0,0,7.1288,0,0,10 MC,0.1113875,6.68325,participant
10,MC,full,10 MC full,interaction,450,10,medium,45,1,1,3.771483333,100,100,10 MC,0.083810741,5.02864446,participant
10,MC,full,10 MC full,interaction,450,10,medium,25,1,1,3.40345,100,100,10 MC,0.136138,8.16828,participant
10,MC,full,10 MC full,interaction,450,10,medium,5,0,0,2.505783333,0,0,10 MC,0.501156667,30.06940002,participant
10,MC,full,10 MC full,interaction,450,10,medium,34,0,0,6.415666667,0,0,10 MC,0.188696078,11.32176468,participant
10,MC,full,10 MC full,interaction,450,10,medium,48,1,1,6.319783333,100,100,10 MC,0.131662153,7.89972918,participant
10,MC,full,10 MC full,interaction,450,10,medium,14,0,0,5.42665,0,0,10 MC,0.387617857,23.25707142,participant
10,MC,full,10 MC full,interaction,450,10,medium,16,1,0,4.18425,100,0,10 MC,0.261515625,15.6909375,participant
10,MC,full,10 MC full,interaction,450,10,medium,46,0,0,8.536633333,0,0,10 MC,0.185578986,11.13473916,participant
10,MC,full,10 MC full,interaction,450,10,medium,47,0,0,5.620316667,0,0,10 MC,0.119581206,7.17487236,participant
10,MC,full,10 MC full,interaction,450,10,medium,44,1,1,5.100216667,100,100,10 MC,0.115914015,6.9548409,participant
10,MC,full,10 MC full,interaction,450,10,medium,33,0,0,10.08538333,0,0,10 MC,0.305617677,18.33706062,participant
10,MC,full,10 MC full,interaction,450,10,medium,24,1,1,3.0535,100,100,10 MC,0.127229167,7.63375002,participant
10,MC,full,10 MC full,interaction,450,10,medium,77,0,0,9.375083333,0,0,10 MC,0.121754329,7.30525974,participant
10,MC,full,10 MC full,interaction,450,10,medium,10,1,1,3.0907,100,100,10 MC,0.30907,18.5442,participant
10,MC,full,10 MC full,interaction,450,10,medium,8,1,1,2.7476,100,100,10 MC,0.34345,20.607,participant
10,MC,full,10 MC full,interaction,450,10,medium,30,1,1,6.97205,100,100,10 MC,0.232401667,13.94410002,participant
10,MC,full,10 MC full,interaction,450,10,medium,77,0,0,6.740933333,0,0,10 MC,0.087544589,5.25267534,participant
10,MC,full,10 MC full,interaction,450,10,medium,15,0,0,3.471866667,0,0,10 MC,0.231457778,13.88746668,participant
10,MC,full,10 MC full,interaction,450,10,medium,35,0,0,5.103233333,0,0,10 MC,0.145806667,8.74840002,participant
10,MC,full,10 MC full,interaction,450,10,medium,42,1,1,6.7194,100,100,10 MC,0.159985714,9.59914284,participant
10,MC,full,10 MC full,interaction,450,10,medium,32,1,1,8.9829,100,100,10 MC,0.280715625,16.8429375,participant
10,MC,full,10 MC full,interaction,450,10,medium,13,1,1,3.700216667,100,100,10 MC,0.284632051,17.07792306,participant
10,MC,full,10 MC full,interaction,450,10,medium,29,0,0,6.484133333,0,0,10 MC,0.223590805,13.4154483,participant
10,MC,full,10 MC full,interaction,450,10,medium,81,1,1,8.954366667,100,100,10 MC,0.110547737,6.63286422,participant
10,MC,full,10 MC full,interaction,450,10,medium,50,0,0,8.9814,0,0,10 MC,0.179628,10.77768,participant
10,MC,full,10 MC full,interaction,450,10,medium,51,0,0,10.10885,0,0,10 MC,0.198212745,11.8927647,participant
10,MC,full,10 MC full,interaction,450,10,medium,59,0,0,9.218383333,0,0,10 MC,0.156243785,9.3746271,participant
10,MC,full,10 MC full,interaction,450,10,medium,70,0,0,10.07871667,0,0,10 MC,0.143981667,8.63890002,participant
10,MC,full,10 MC full,interaction,450,10,medium,39,1,1,6.730933333,100,100,10 MC,0.172588034,10.35528204,participant
10,MC,full,10 MC full,interaction,450,10,medium,85,0,0,6.257633333,0,0,10 MC,0.073619216,4.41715296,participant
10,MC,full,10 MC full,interaction,450,10,medium,86,0,0,9.510566667,0,0,10 MC,0.110587985,6.6352791,participant
10,MC,full,10 MC full,interaction,450,10,medium,101,0,0,9.94635,0,0,10 MC,0.098478713,5.90872278,participant
10,MC,full,10 MC full,interaction,450,10,medium,74,0,0,10.0594,0,0,10 MC,0.135937838,8.15627028,participant
10,MC,full,10 MC full,interaction,450,10,medium,76,1,1,9.71135,100,100,10 MC,0.127780921,7.66685526,participant
10,MC,full,10 MC full,interaction,450,10,medium,74,0,0,4.411783333,0,0,10 MC,0.059618694,3.57712164,participant
10,MC,truncated,10 MC truncated,interaction,198,10,medium,58,1,1,5.6076,100,100,10 MC,0.096682759,5.80096554,participant
10,MC,truncated,10 MC truncated,interaction,198,10,medium,31,0,0,2.647083333,0,0,10 MC,0.085389785,5.1233871,participant
10,MC,truncated,10 MC truncated,interaction,198,10,medium,27,0,0,3.328216667,0,0,10 MC,0.123267284,7.39603704,participant
10,MC,truncated,10 MC truncated,interaction,198,10,medium,5,0,0,0.569233333,0,0,10 MC,0.113846667,6.83080002,participant
10,MC,truncated,10 MC truncated,interaction,198,10,medium,28,0,0,9.07905,0,0,10 MC,0.324251786,19.45510716,participant
10,MC,truncated,10 MC truncated,interaction,198,10,medium,32,1,1,7.580416667,100,100,10 MC,0.236888021,14.21328126,participant
10,MC,truncated,10 MC truncated,interaction,198,10,medium,10,1,1,3.34015,100,100,10 MC,0.334015,20.0409,participant
10,MC,truncated,10 MC truncated,interaction,198,10,medium,8,0,0,1.092983333,0,0,10 MC,0.136622917,8.19737502,participant
10,MC,truncated,10 MC truncated,interaction,198,10,medium,65,1,1,8.292566667,100,100,10 MC,0.127577949,7.65467694,participant
10,MC,truncated,10 MC truncated,interaction,198,10,medium,23,1,1,3.933,100,100,10 MC,0.171,10.26,participant
10,MC,truncated,10 MC truncated,interaction,198,10,medium,67,0,0,9.52725,0,0,10 MC,0.142197761,8.53186566,participant
10,MC,truncated,10 MC truncated,interaction,198,10,medium,31,1,1,2.039866667,100,100,10 MC,0.065802151,3.94812906,participant
10,MC,truncated,10 MC truncated,interaction,198,10,medium,25,1,1,5.292633333,100,100,10 MC,0.211705333,12.70231998,participant
10,MC,truncated,10 MC truncated,interaction,198,10,medium,15,1,1,2.189066667,100,100,10 MC,0.145937778,8.75626668,participant
10,MC,truncated,10 MC truncated,interaction,198,10,medium,3,1,1,3.080716667,100,100,10 MC,1.026905556,61.61433336,participant
10,MC,truncated,10 MC truncated,interaction,198,10,medium,20,1,1,5.033616667,100,100,10 MC,0.251680833,15.10084998,participant
10,MC,truncated,10 MC truncated,interaction,198,10,medium,17,1,1,3.219283333,100,100,10 MC,0.189369608,11.36217648,participant
10,MC,truncated,10 MC truncated,interaction,198,10,medium,5,0,0,1.48615,0,0,10 MC,0.29723,17.8338,participant
10,MC,truncated,10 MC truncated,interaction,198,10,medium,11,1,1,1.737,100,100,10 MC,0.157909091,9.47454546,participant
10,MC,truncated,10 MC truncated,interaction,198,10,medium,64,0,0,3.82715,0,0,10 MC,0.059799219,3.58795314,participant
10,MC,truncated,10 MC truncated,interaction,198,10,medium,47,1,1,5.045766667,100,100,10 MC,0.107356738,6.44140428,participant
10,MC,truncated,10 MC truncated,interaction,198,10,medium,43,0,0,10.12833333,0,0,10 MC,0.235542636,14.13255816,participant
10,MC,truncated,10 MC truncated,interaction,198,10,medium,2,0,0,1.354033333,0,0,10 MC,0.677016667,40.62100002,participant
10,MC,truncated,10 MC truncated,interaction,198,10,medium,8,1,1,2.052666667,100,100,10 MC,0.256583333,15.39499998,participant
10,MC,truncated,10 MC truncated,interaction,198,10,medium,18,0,0,2.938383333,0,0,10 MC,0.163243519,9.79461114,participant
10,MC,truncated,10 MC truncated,interaction,198,10,medium,31,1,1,4.361283333,100,100,10 MC,0.140686559,8.44119354,participant
10,MC,truncated,10 MC truncated,interaction,198,10,medium,4,1,1,1.350466667,100,100,10 MC,0.337616667,20.25700002,participant
10,MC,truncated,10 MC truncated,interaction,198,10,medium,83,1,1,9.077833333,100,100,10 MC,0.109371486,6.56228916,participant
10,MC,truncated,10 MC truncated,interaction,198,10,medium,13,1,1,2.238833333,100,100,10 MC,0.172217949,10.33307694,participant
10,MC,truncated,10 MC truncated,interaction,198,10,medium,93,0,0,9.794966667,0,0,10 MC,0.105322222,6.31933332,participant
10,MC,truncated,10 MC truncated,interaction,198,10,medium,47,0,0,10.16466667,0,0,10 MC,0.216269504,12.97617024,participant
10,MC,truncated,10 MC truncated,interaction,198,10,medium,8,1,1,2.3246,100,100,10 MC,0.290575,17.4345,participant
10,HC,full,10 HC full,interaction,3243,10,hard,25,1,1,4.3583,100,100,10 HC,0.174332,10.45992,participant
10,HC,full,10 HC full,interaction,3243,10,hard,2,0,0,1.01,0,0,10 HC,0.505,30.3,participant
10,HC,full,10 HC full,interaction,3243,10,hard,24,1,1,4.027866667,100,100,10 HC,0.167827778,10.06966668,participant
10,HC,full,10 HC full,interaction,3243,10,hard,3,0,0,0.779183333,0,0,10 HC,0.259727778,15.58366668,participant
10,HC,full,10 HC full,interaction,3243,10,hard,35,1,0,3.0183,100,0,10 HC,0.086237143,5.17422858,participant
10,HC,full,10 HC full,interaction,3243,10,hard,27,0,0,2.0956,0,0,10 HC,0.077614815,4.6568889,participant
10,HC,full,10 HC full,interaction,3243,10,hard,3,0,0,0.23455,0,0,10 HC,0.078183333,4.69099998,participant
10,HC,full,10 HC full,interaction,3243,10,hard,21,0,0,2.961483333,0,0,10 HC,0.141023016,8.46138096,participant
10,HC,full,10 HC full,interaction,3243,10,hard,37,0,0,4.018333333,0,0,10 HC,0.108603604,6.51621624,participant
10,HC,full,10 HC full,interaction,3243,10,hard,5,1,0,1.727583333,100,0,10 HC,0.345516667,20.73100002,participant
10,HC,full,10 HC full,interaction,3243,10,hard,66,0,0,9.124166667,0,0,10 HC,0.13824495,8.294697,participant
10,HC,full,10 HC full,interaction,3243,10,hard,47,0,0,10.03676667,0,0,10 HC,0.213548227,12.81289362,participant
10,HC,full,10 HC full,interaction,3243,10,hard,28,0,0,5.045616667,0,0,10 HC,0.180200595,10.8120357,participant
10,HC,full,10 HC full,interaction,3243,10,hard,12,1,1,3.200666667,100,100,10 HC,0.266722222,16.00333332,participant
10,HC,full,10 HC full,interaction,3243,10,hard,26,0,0,6.422116667,0,0,10 HC,0.247004487,14.82026922,participant
10,HC,full,10 HC full,interaction,3243,10,hard,12,1,1,1.532233333,100,100,10 HC,0.127686111,7.66116666,participant
10,HC,full,10 HC full,interaction,3243,10,hard,15,1,1,1.415916667,100,100,10 HC,0.094394444,5.66366664,participant
10,HC,full,10 HC full,interaction,3243,10,hard,18,1,0,2.633233333,100,0,10 HC,0.146290741,8.77744446,participant
10,HC,full,10 HC full,interaction,3243,10,hard,48,1,1,2.044616667,100,100,10 HC,0.042596181,2.55577086,participant
10,HC,full,10 HC full,interaction,3243,10,hard,14,1,1,1.52185,100,100,10 HC,0.108703571,6.52221426,participant
10,HC,full,10 HC full,interaction,3243,10,hard,16,1,1,3.3054,100,100,10 HC,0.2065875,12.39525,participant
10,HC,full,10 HC full,interaction,3243,10,hard,15,1,1,3.17925,100,100,10 HC,0.21195,12.717,participant
10,HC,full,10 HC full,interaction,3243,10,hard,28,0,0,5.189266667,0,0,10 HC,0.185330952,11.11985712,participant
10,HC,full,10 HC full,interaction,3243,10,hard,31,0,0,5.777183333,0,0,10 HC,0.186360753,11.18164518,participant
10,HC,full,10 HC full,interaction,3243,10,hard,22,0,0,6.3855,0,0,10 HC,0.29025,17.415,participant
10,HC,full,10 HC full,interaction,3243,10,hard,84,0,0,6.662083333,0,0,10 HC,0.079310516,4.75863096,participant
10,HC,full,10 HC full,interaction,3243,10,hard,38,0,0,9.1248,0,0,10 HC,0.240126316,14.40757896,participant
10,HC,full,10 HC full,interaction,3243,10,hard,37,0,0,7.74545,0,0,10 HC,0.209336486,12.56018916,participant
10,HC,full,10 HC full,interaction,3243,10,hard,33,0,0,3.0033,0,0,10 HC,0.091009091,5.46054546,participant
10,HC,full,10 HC full,interaction,3243,10,hard,18,0,0,3.827,0,0,10 HC,0.212611111,12.75666666,participant
10,HC,full,10 HC full,interaction,3243,10,hard,4,1,0,2.435666667,100,0,10 HC,0.608916667,36.53500002,participant
10,HC,full,10 HC full,interaction,3243,10,hard,38,0,0,4.028216667,0,0,10 HC,0.106005702,6.36034212,participant
10,HC,truncated,10 HC truncated,interaction,496,10,hard,5,1,0,1.717233333,100,0,10 HC,0.343446667,20.60680002,participant
10,HC,truncated,10 HC truncated,interaction,496,10,hard,6,1,1,1.5414,100,100,10 HC,0.2569,15.414,participant
10,HC,truncated,10 HC truncated,interaction,496,10,hard,31,0,0,6.402,0,0,10 HC,0.206516129,12.39096774,participant
10,HC,truncated,10 HC truncated,interaction,496,10,hard,34,0,0,3.94445,0,0,10 HC,0.116013235,6.9607941,participant
10,HC,truncated,10 HC truncated,interaction,496,10,hard,24,1,1,3.65855,100,100,10 HC,0.152439583,9.14637498,participant
10,HC,truncated,10 HC truncated,interaction,496,10,hard,73,0,0,7.58165,0,0,10 HC,0.103858219,6.23149314,participant
10,HC,truncated,10 HC truncated,interaction,496,10,hard,46,1,1,9.457683333,100,100,10 HC,0.205601812,12.33610872,participant
10,HC,truncated,10 HC truncated,interaction,496,10,hard,60,0,0,8.158116667,0,0,10 HC,0.135968611,8.15811666,participant
10,HC,truncated,10 HC truncated,interaction,496,10,hard,13,0,0,6.257683333,0,0,10 HC,0.481360256,28.88161536,participant
10,HC,truncated,10 HC truncated,interaction,496,10,hard,101,0,0,9.933716667,0,0,10 HC,0.09835363,5.9012178,participant
10,HC,truncated,10 HC truncated,interaction,496,10,hard,56,0,0,9.628533333,0,0,10 HC,0.171938095,10.3162857,participant
10,HC,truncated,10 HC truncated,interaction,496,10,hard,6,1,0,1.3599,100,0,10 HC,0.22665,13.599,participant
10,HC,truncated,10 HC truncated,interaction,496,10,hard,69,0,0,9.09195,0,0,10 HC,0.131767391,7.90604346,participant
10,HC,truncated,10 HC truncated,interaction,496,10,hard,70,1,1,7.72025,100,100,10 HC,0.110289286,6.61735716,participant
10,HC,truncated,10 HC truncated,interaction,496,10,hard,70,1,0,9.880716667,100,0,10 HC,0.141153095,8.4691857,participant
10,HC,truncated,10 HC truncated,interaction,496,10,hard,11,0,0,1.77325,0,0,10 HC,0.161204545,9.6722727,participant
10,HC,truncated,10 HC truncated,interaction,496,10,hard,18,0,0,2.415,0,0,10 HC,0.134166667,8.05000002,participant
10,HC,truncated,10 HC truncated,interaction,496,10,hard,16,0,0,4.8891,0,0,10 HC,0.30556875,18.334125,participant
10,HC,truncated,10 HC truncated,interaction,496,10,hard,37,1,1,4.817183333,100,100,10 HC,0.130194144,7.81164864,participant
10,HC,truncated,10 HC truncated,interaction,496,10,hard,10,0,0,2.4617,0,0,10 HC,0.24617,14.7702,participant
10,HC,truncated,10 HC truncated,interaction,496,10,hard,10,0,0,1.636,0,0,10 HC,0.1636,9.816,participant
10,HC,truncated,10 HC truncated,interaction,496,10,hard,51,1,1,2.9373,100,100,10 HC,0.057594118,3.45564708,participant
10,HC,truncated,10 HC truncated,interaction,496,10,hard,14,1,1,3.144633333,100,100,10 HC,0.224616667,13.47700002,participant
10,HC,truncated,10 HC truncated,interaction,496,10,hard,20,1,1,1.825116667,100,100,10 HC,0.091255833,5.47534998,participant
10,HC,truncated,10 HC truncated,interaction,496,10,hard,0,0,0,1.233316667,0,0,10 HC,0,0,participant
10,HC,truncated,10 HC truncated,interaction,496,10,hard,36,0,0,5.225383333,0,0,10 HC,0.145149537,8.70897222,participant
10,HC,truncated,10 HC truncated,interaction,496,10,hard,71,0,0,9.906183333,0,0,10 HC,0.139523709,8.37142254,participant
10,HC,truncated,10 HC truncated,interaction,496,10,hard,0,0,0,1.277333333,0,0,10 HC,0,0,participant
10,HC,truncated,10 HC truncated,interaction,496,10,hard,32,0,0,4.674483333,0,0,10 HC,0.146077604,8.76465624,participant
10,HC,truncated,10 HC truncated,interaction,496,10,hard,35,0,0,5.82215,0,0,10 HC,0.166347143,9.98082858,participant
10,HC,truncated,10 HC truncated,interaction,496,10,hard,35,1,1,4.23795,100,100,10 HC,0.121084286,7.26505716,participant
10,HC,truncated,10 HC truncated,interaction,496,10,hard,53,1,0,9.746933333,100,0,10 HC,0.183904403,11.03426418,participant
10,HC,truncated,10 HC truncated,interaction,496,10,hard,56,0,0,9.390416667,0,0,10 HC,0.167686012,10.06116072,participant
10,HC,truncated,10 HC truncated,interaction,496,10,hard,87,0,0,8.948733333,0,0,10 HC,0.102859004,6.17154024,participant
10,HC,truncated,10 HC truncated,interaction,496,10,hard,26,0,0,5.574033333,0,0,10 HC,0.214385897,12.86315382,participant
10,HC,truncated,10 HC truncated,interaction,496,10,hard,7,0,0,1.81075,0,0,10 HC,0.258678571,15.52071426,participant
10,DC,full,10 DC full,interaction,97098,10,CV,12,0,0,2.133516667,0,0,10 DC,0.177793056,10.66758336,participant
10,DC,full,10 DC full,interaction,97098,10,CV,55,1,0,5.270566667,100,0,10 DC,0.095828485,5.7497091,participant
10,DC,full,10 DC full,interaction,97098,10,CV,2,0,0,0.448683333,0,0,10 DC,0.224341667,13.46050002,participant
10,DC,full,10 DC full,interaction,97098,10,CV,40,0,0,3.525683333,0,0,10 DC,0.088142083,5.28852498,participant
10,DC,full,10 DC full,interaction,97098,10,CV,2,0,0,0.659833333,0,0,10 DC,0.329916667,19.79500002,participant
10,DC,full,10 DC full,interaction,97098,10,CV,25,0,0,2.821866667,0,0,10 DC,0.112874667,6.77248002,participant
10,DC,full,10 DC full,interaction,97098,10,CV,13,0,0,0.754083333,0,0,10 DC,0.05800641,3.4803846,participant
10,DC,full,10 DC full,interaction,97098,10,CV,12,0,0,2.68045,0,0,10 DC,0.223370833,13.40224998,participant
10,DC,full,10 DC full,interaction,97098,10,CV,12,0,0,1.874916667,0,0,10 DC,0.156243056,9.37458336,participant
10,DC,full,10 DC full,interaction,97098,10,CV,19,1,0,2.783533333,100,0,10 DC,0.146501754,8.79010524,participant
10,DC,full,10 DC full,interaction,97098,10,CV,55,0,0,5.13965,0,0,10 DC,0.093448182,5.60689092,participant
10,DC,full,10 DC full,interaction,97098,10,CV,11,1,1,1.358833333,100,100,10 DC,0.123530303,7.41181818,participant
10,DC,full,10 DC full,interaction,97098,10,CV,9,0,0,1.5131,0,0,10 DC,0.168122222,10.08733332,participant
10,DC,full,10 DC full,interaction,97098,10,CV,33,0,0,4.731816667,0,0,10 DC,0.143388384,8.60330304,participant
10,DC,full,10 DC full,interaction,97098,10,CV,24,0,0,5.1614,0,0,10 DC,0.215058333,12.90349998,participant
10,DC,full,10 DC full,interaction,97098,10,CV,32,0,0,4.242783333,0,0,10 DC,0.132586979,7.95521874,participant
10,DC,full,10 DC full,interaction,97098,10,CV,14,0,0,1.5902,0,0,10 DC,0.113585714,6.81514284,participant
10,DC,full,10 DC full,interaction,97098,10,CV,13,1,0,2.190233333,100,0,10 DC,0.168479487,10.10876922,participant
10,DC,full,10 DC full,interaction,97098,10,CV,48,0,0,6.166016667,0,0,10 DC,0.128458681,7.70752086,participant
10,DC,full,10 DC full,interaction,97098,10,CV,70,0,0,7.629183333,0,0,10 DC,0.108988333,6.53929998,participant
10,DC,full,10 DC full,interaction,97098,10,CV,49,1,1,6.280433333,100,100,10 DC,0.128172109,7.69032654,participant
10,DC,full,10 DC full,interaction,97098,10,CV,49,0,0,2.631,0,0,10 DC,0.053693878,3.22163268,participant
10,DC,full,10 DC full,interaction,97098,10,CV,3,0,0,1.7553,0,0,10 DC,0.5851,35.106,participant
10,DC,full,10 DC full,interaction,97098,10,CV,35,0,0,3.382,0,0,10 DC,0.096628571,5.79771426,participant
10,DC,full,10 DC full,interaction,97098,10,CV,46,0,0,4.599433333,0,0,10 DC,0.099987681,5.99926086,participant
10,DC,full,10 DC full,interaction,97098,10,CV,4,0,0,1.098716667,0,0,10 DC,0.274679167,16.48075002,participant
10,DC,full,10 DC full,interaction,97098,10,CV,13,0,0,1.7595,0,0,10 DC,0.135346154,8.12076924,participant
10,DC,full,10 DC full,interaction,97098,10,CV,77,0,0,7.148516667,0,0,10 DC,0.092837879,5.57027274,participant
10,DC,full,10 DC full,interaction,97098,10,CV,6,0,0,2.603866667,0,0,10 DC,0.433977778,26.03866668,participant
10,DC,full,10 DC full,interaction,97098,10,CV,101,0,0,9.835816667,0,0,10 DC,0.097384323,5.84305938,participant
10,DC,full,10 DC full,interaction,97098,10,CV,15,0,0,2.702,0,0,10 DC,0.180133333,10.80799998,participant
10,DC,full,10 DC full,interaction,97098,10,CV,10,1,1,3.491516667,100,100,10 DC,0.349151667,20.94910002,participant
10,DC,full,10 DC full,interaction,97098,10,CV,97,0,0,9.947666667,0,0,10 DC,0.102553265,6.1531959,participant
10,DC,full,10 DC full,interaction,97098,10,CV,36,0,0,3.496083333,0,0,10 DC,0.097113426,5.82680556,participant
10,DC,full,10 DC full,interaction,97098,10,CV,35,1,1,4.530366667,100,100,10 DC,0.129439048,7.76634288,participant
10,DC,full,10 DC full,interaction,97098,10,CV,21,1,1,4.712016667,100,100,10 DC,0.224381746,13.46290476,participant
10,DC,full,10 DC full,interaction,97098,10,CV,30,0,0,3.449233333,0,0,10 DC,0.114974444,6.89846664,participant
10,DC,full,10 DC full,interaction,97098,10,CV,11,0,0,2.184816667,0,0,10 DC,0.198619697,11.91718182,participant
10,DC,full,10 DC full,interaction,97098,10,CV,18,0,0,2.555566667,0,0,10 DC,0.141975926,8.51855556,participant
10,DC,full,10 DC full,interaction,97098,10,CV,13,0,0,1.6769,0,0,10 DC,0.128992308,7.73953848,participant
10,DC,full,10 DC full,interaction,97098,10,CV,8,1,1,4.9828,100,100,10 DC,0.62285,37.371,participant
10,DC,truncated,10 DC truncated,interaction,255,10,CV,21,1,1,2.438883333,100,100,10 DC,0.116137302,6.96823812,participant
10,DC,truncated,10 DC truncated,interaction,255,10,CV,22,1,1,2.755583333,100,100,10 DC,0.125253788,7.51522728,participant
10,DC,truncated,10 DC truncated,interaction,255,10,CV,17,1,1,2.0063,100,100,10 DC,0.118017647,7.08105882,participant
10,DC,truncated,10 DC truncated,interaction,255,10,CV,41,1,1,6.385066667,100,100,10 DC,0.155733333,9.34399998,participant
10,DC,truncated,10 DC truncated,interaction,255,10,CV,12,1,1,0.851266667,100,100,10 DC,0.070938889,4.25633334,participant
10,DC,truncated,10 DC truncated,interaction,255,10,CV,14,1,1,1.2724,100,100,10 DC,0.090885714,5.45314284,participant
10,DC,truncated,10 DC truncated,interaction,255,10,CV,16,0,0,1.203266667,0,0,10 DC,0.075204167,4.51225002,participant
10,DC,truncated,10 DC truncated,interaction,255,10,CV,9,0,0,0.62685,0,0,10 DC,0.06965,4.179,participant
10,DC,truncated,10 DC truncated,interaction,255,10,CV,6,1,1,1.219966667,100,100,10 DC,0.203327778,12.19966668,participant
10,DC,truncated,10 DC truncated,interaction,255,10,CV,2,1,0,2.71255,100,0,10 DC,1.356275,81.3765,participant
10,DC,truncated,10 DC truncated,interaction,255,10,CV,25,0,0,2.2183,0,0,10 DC,0.088732,5.32392,participant
10,DC,truncated,10 DC truncated,interaction,255,10,CV,17,1,1,2.41105,100,100,10 DC,0.141826471,8.50958826,participant
10,DC,truncated,10 DC truncated,interaction,255,10,CV,16,1,1,1.773233333,100,100,10 DC,0.110827083,6.64962498,participant
10,DC,truncated,10 DC truncated,interaction,255,10,CV,95,0,0,9.372333333,0,0,10 DC,0.09865614,5.9193684,participant
10,DC,truncated,10 DC truncated,interaction,255,10,CV,6,1,1,0.952433333,100,100,10 DC,0.158738889,9.52433334,participant
10,DC,truncated,10 DC truncated,interaction,255,10,CV,50,0,0,10.14926667,0,0,10 DC,0.202985333,12.17911998,participant
10,DC,truncated,10 DC truncated,interaction,255,10,CV,41,0,0,10.06283333,0,0,10 DC,0.245434959,14.72609754,participant
10,DC,truncated,10 DC truncated,interaction,255,10,CV,10,1,1,1.5461,100,100,10 DC,0.15461,9.2766,participant
10,DC,truncated,10 DC truncated,interaction,255,10,CV,13,1,0,3.033633333,100,0,10 DC,0.23335641,14.0013846,participant
10,DC,truncated,10 DC truncated,interaction,255,10,CV,19,0,0,4.987433333,0,0,10 DC,0.262496491,15.74978946,participant
10,DC,truncated,10 DC truncated,interaction,255,10,CV,23,0,0,1.0024,0,0,10 DC,0.043582609,2.61495654,participant
10,DC,truncated,10 DC truncated,interaction,255,10,CV,11,1,1,1.296566667,100,100,10 DC,0.117869697,7.07218182,participant
10,DC,truncated,10 DC truncated,interaction,255,10,CV,4,0,0,1.329083333,0,0,10 DC,0.332270833,19.93624998,participant
10,DC,truncated,10 DC truncated,interaction,255,10,CV,34,1,1,2.81165,100,100,10 DC,0.082695588,4.96173528,participant
10,DC,truncated,10 DC truncated,interaction,255,10,CV,55,1,1,4.610616667,100,100,10 DC,0.083829394,5.02976364,participant
10,DC,truncated,10 DC truncated,interaction,255,10,CV,51,1,0,6.379566667,100,0,10 DC,0.125089542,7.50537252,participant
10,DC,truncated,10 DC truncated,interaction,255,10,CV,3,1,1,1.177733333,100,100,10 DC,0.392577778,23.55466668,participant
10,DC,truncated,10 DC truncated,interaction,255,10,CV,118,0,0,9.778133333,0,0,10 DC,0.082865537,4.97193222,participant
10,DC,truncated,10 DC truncated,interaction,255,10,CV,7,1,1,1.550783333,100,100,10 DC,0.221540476,13.29242856,participant
10,DC,truncated,10 DC truncated,interaction,255,10,CV,18,1,1,2.969383333,100,100,10 DC,0.164965741,9.89794446,participant
10,DC,truncated,10 DC truncated,interaction,255,10,CV,65,1,1,6.22185,100,100,10 DC,0.095720769,5.74324614,participant
10,DC,truncated,10 DC truncated,interaction,255,10,CV,53,1,1,4.576366667,100,100,10 DC,0.086346541,5.18079246,participant
10,DC,truncated,10 DC truncated,interaction,255,10,CV,17,1,1,2.52595,100,100,10 DC,0.148585294,8.91511764,participant
10,DC,truncated,10 DC truncated,interaction,255,10,CV,16,1,1,1.53875,100,100,10 DC,0.096171875,5.7703125,participant
10,DC,truncated,10 DC truncated,interaction,255,10,CV,16,1,1,1.916966667,100,100,10 DC,0.119810417,7.18862502,participant
6,MC,full,6 MC full,interaction,112,6,medium,19,1,1,1.7695,100,100,6 MC,0.093131579,5.58789474,participant
6,MC,full,6 MC full,interaction,112,6,medium,21,1,1,2.879216667,100,100,6 MC,0.137105556,8.22633336,participant
6,MC,full,6 MC full,interaction,112,6,medium,28,1,0,3.027166667,100,0,6 MC,0.108113095,6.4867857,participant
6,MC,full,6 MC full,interaction,112,6,medium,11,1,1,1.814866667,100,100,6 MC,0.164987879,9.89927274,participant
6,MC,full,6 MC full,interaction,112,6,medium,11,1,1,2.275333333,100,100,6 MC,0.206848485,12.4109091,participant
6,MC,full,6 MC full,interaction,112,6,medium,44,1,1,3.957583333,100,100,6 MC,0.089945076,5.39670456,participant
6,MC,full,6 MC full,interaction,112,6,medium,53,1,1,5.135333333,100,100,6 MC,0.096893082,5.81358492,participant
6,MC,full,6 MC full,interaction,112,6,medium,39,0,0,8.000333333,0,0,6 MC,0.205136752,12.30820512,participant
6,MC,full,6 MC full,interaction,112,6,medium,22,0,0,10.06768333,0,0,6 MC,0.45762197,27.4573182,participant
6,MC,full,6 MC full,interaction,112,6,medium,32,0,0,5.757433333,0,0,6 MC,0.179919792,10.79518752,participant
6,MC,full,6 MC full,interaction,112,6,medium,35,1,0,6.163783333,100,0,6 MC,0.176108095,10.5664857,participant
6,MC,full,6 MC full,interaction,112,6,medium,33,1,1,9.076633333,100,100,6 MC,0.275049495,16.5029697,participant
6,MC,full,6 MC full,interaction,112,6,medium,32,1,1,2.371166667,100,100,6 MC,0.074098958,4.44593748,participant
6,MC,full,6 MC full,interaction,112,6,medium,7,0,0,2.535933333,0,0,6 MC,0.36227619,21.7365714,participant
6,MC,full,6 MC full,interaction,112,6,medium,106,0,0,8.58575,0,0,6 MC,0.080997642,4.85985852,participant
6,MC,full,6 MC full,interaction,112,6,medium,22,1,1,6.4552,100,100,6 MC,0.293418182,17.60509092,participant
6,MC,full,6 MC full,interaction,112,6,medium,18,1,1,4.079466667,100,100,6 MC,0.226637037,13.59822222,participant
6,MC,full,6 MC full,interaction,112,6,medium,66,0,0,9.55955,0,0,6 MC,0.144841667,8.69050002,participant
6,MC,full,6 MC full,interaction,112,6,medium,58,0,0,9.727933333,0,0,6 MC,0.167722989,10.06337934,participant
6,MC,full,6 MC full,interaction,112,6,medium,150,0,0,8.668266667,0,0,6 MC,0.057788444,3.46730664,participant
6,MC,full,6 MC full,interaction,112,6,medium,49,0,0,3.387516667,0,0,6 MC,0.069132993,4.14797958,participant
6,MC,full,6 MC full,interaction,112,6,medium,24,0,0,2.243916667,0,0,6 MC,0.093496528,5.60979168,participant
6,MC,full,6 MC full,interaction,112,6,medium,61,0,0,8.569966667,0,0,6 MC,0.140491257,8.42947542,participant
6,MC,full,6 MC full,interaction,112,6,medium,13,1,1,1.083433333,100,100,6 MC,0.083341026,5.00046156,participant
6,MC,full,6 MC full,interaction,112,6,medium,35,0,0,3.089416667,0,0,6 MC,0.088269048,5.29614288,participant
6,MC,full,6 MC full,interaction,112,6,medium,80,0,0,9.7855,0,0,6 MC,0.12231875,7.339125,participant
6,MC,full,6 MC full,interaction,112,6,medium,9,1,0,1.777333333,100,0,6 MC,0.197481481,11.84888886,participant
6,MC,full,6 MC full,interaction,112,6,medium,50,1,1,7.066733333,100,100,6 MC,0.141334667,8.48008002,participant
6,MC,full,6 MC full,interaction,112,6,medium,4,0,0,1.490216667,0,0,6 MC,0.372554167,22.35325002,participant
6,MC,full,6 MC full,interaction,112,6,medium,29,1,1,5.46165,100,100,6 MC,0.188332759,11.29996554,participant
6,MC,full,6 MC full,interaction,112,6,medium,39,1,1,4.58995,100,100,6 MC,0.117691026,7.06146156,participant
6,MC,full,6 MC full,interaction,112,6,medium,5,0,0,2.199416667,0,0,6 MC,0.439883333,26.39299998,participant
6,MC,full,6 MC full,interaction,112,6,medium,22,0,0,7.111383333,0,0,6 MC,0.323244697,19.39468182,participant
6,MC,full,6 MC full,interaction,112,6,medium,31,0,0,10.13365,0,0,6 MC,0.326891935,19.6135161,participant
6,MC,truncated,6 MC truncated,interaction,49,6,medium,15,1,1,3.692116667,100,100,6 MC,0.246141111,14.76846666,participant
6,MC,truncated,6 MC truncated,interaction,49,6,medium,5,1,1,1.957916667,100,100,6 MC,0.391583333,23.49499998,participant
6,MC,truncated,6 MC truncated,interaction,49,6,medium,8,1,1,2.745316667,100,100,6 MC,0.343164583,20.58987498,participant
6,MC,truncated,6 MC truncated,interaction,49,6,medium,40,0,0,6.207866667,0,0,6 MC,0.155196667,9.31180002,participant
6,MC,truncated,6 MC truncated,interaction,49,6,medium,24,1,1,3.563733333,100,100,6 MC,0.148488889,8.90933334,participant
6,MC,truncated,6 MC truncated,interaction,49,6,medium,2,1,1,1.405633333,100,100,6 MC,0.702816667,42.16900002,participant
6,MC,truncated,6 MC truncated,interaction,49,6,medium,6,1,0,0.880466667,100,0,6 MC,0.146744445,8.8046667,participant
6,MC,truncated,6 MC truncated,interaction,49,6,medium,36,1,0,2.797833333,100,0,6 MC,0.077717593,4.66305558,participant
6,MC,truncated,6 MC truncated,interaction,49,6,medium,102,1,1,9.91375,100,100,6 MC,0.097193627,5.83161762,participant
6,MC,truncated,6 MC truncated,interaction,49,6,medium,42,0,0,5.837416667,0,0,6 MC,0.138986111,8.33916666,participant
6,MC,truncated,6 MC truncated,interaction,49,6,medium,21,1,1,2.670933333,100,100,6 MC,0.127187302,7.63123812,participant
6,MC,truncated,6 MC truncated,interaction,49,6,medium,8,1,0,2.554766667,100,0,6 MC,0.319345833,19.16074998,participant
6,MC,truncated,6 MC truncated,interaction,49,6,medium,8,1,1,2.378966667,100,100,6 MC,0.297370833,17.84224998,participant
6,MC,truncated,6 MC truncated,interaction,49,6,medium,15,1,1,2.30055,100,100,6 MC,0.15337,9.2022,participant
6,MC,truncated,6 MC truncated,interaction,49,6,medium,6,0,0,3.663833333,0,0,6 MC,0.610638889,36.63833334,participant
6,MC,truncated,6 MC truncated,interaction,49,6,medium,5,1,0,1.420966667,100,0,6 MC,0.284193333,17.05159998,participant
6,MC,truncated,6 MC truncated,interaction,49,6,medium,43,0,0,2.803233333,0,0,6 MC,0.065191473,3.91148838,participant
6,MC,truncated,6 MC truncated,interaction,49,6,medium,19,1,1,2.0489,100,100,6 MC,0.107836842,6.47021052,participant
6,MC,truncated,6 MC truncated,interaction,49,6,medium,2,1,1,1.887133333,100,100,6 MC,0.943566667,56.61400002,participant
6,MC,truncated,6 MC truncated,interaction,49,6,medium,31,0,0,2.227983333,0,0,6 MC,0.07187043,4.3122258,participant
6,MC,truncated,6 MC truncated,interaction,49,6,medium,8,1,1,1.49095,100,100,6 MC,0.18636875,11.182125,participant
6,MC,truncated,6 MC truncated,interaction,49,6,medium,35,0,0,9.854816667,0,0,6 MC,0.28156619,16.8939714,participant
6,MC,truncated,6 MC truncated,interaction,49,6,medium,0,1,0,0.305816667,100,0,6 MC,0,0,participant
6,MC,truncated,6 MC truncated,interaction,49,6,medium,13,1,1,1.993116667,100,100,6 MC,0.153316667,9.19900002,participant
6,MC,truncated,6 MC truncated,interaction,49,6,medium,30,0,0,8.496833333,0,0,6 MC,0.283227778,16.99366668,participant
6,MC,truncated,6 MC truncated,interaction,49,6,medium,33,1,1,5.429116667,100,100,6 MC,0.164518687,9.87112122,participant
6,MC,truncated,6 MC truncated,interaction,49,6,medium,13,1,1,2.942316667,100,100,6 MC,0.226332051,13.57992306,participant
6,MC,truncated,6 MC truncated,interaction,49,6,medium,3,1,0,1.640566667,100,0,6 MC,0.546855556,32.81133336,participant
6,MC,truncated,6 MC truncated,interaction,49,6,medium,15,1,1,1.243633333,100,100,6 MC,0.082908889,4.97453334,participant
6,MC,truncated,6 MC truncated,interaction,49,6,medium,2,0,0,1.346483333,0,0,6 MC,0.673241667,40.39450002,participant
6,MC,truncated,6 MC truncated,interaction,49,6,medium,22,0,0,4.075383333,0,0,6 MC,0.185244697,11.11468182,participant
6,MC,truncated,6 MC truncated,interaction,49,6,medium,6,0,0,1.344433333,0,0,6 MC,0.224072222,13.44433332,participant
6,MC,truncated,6 MC truncated,interaction,49,6,medium,19,1,1,3.564466667,100,100,6 MC,0.187603509,11.25621054,participant
6,MC,truncated,6 MC truncated,interaction,49,6,medium,44,1,0,7.623416667,100,0,6 MC,0.17325947,10.3955682,participant
6,MC,truncated,6 MC truncated,interaction,49,6,medium,30,1,1,3.342483333,100,100,6 MC,0.111416111,6.68496666,participant
6,MC,truncated,6 MC truncated,interaction,49,6,medium,21,1,1,3.698333333,100,100,6 MC,0.176111111,10.56666666,participant
6,MC,truncated,6 MC truncated,interaction,49,6,medium,35,1,1,2.533916667,100,100,6 MC,0.072397619,4.34385714,participant
6,MC,truncated,6 MC truncated,interaction,49,6,medium,65,1,1,7.906366667,100,100,6 MC,0.12163641,7.2981846,participant
6,MC,truncated,6 MC truncated,interaction,49,6,medium,32,1,1,1.7495,100,100,6 MC,0.054671875,3.2803125,participant
6,MC,truncated,6 MC truncated,interaction,49,6,medium,9,1,1,3.978333333,100,100,6 MC,0.442037037,26.52222222,participant
6,MC,truncated,6 MC truncated,interaction,49,6,medium,59,1,1,8.25385,100,100,6 MC,0.139895763,8.39374578,participant
6,MC,truncated,6 MC truncated,interaction,49,6,medium,47,1,1,5.026916667,100,100,6 MC,0.106955674,6.41734044,participant
6,MC,truncated,6 MC truncated,interaction,49,6,medium,52,0,0,9.7203,0,0,6 MC,0.186928846,11.21573076,participant
6,HC,full,6 HC full,interaction,830,6,hard,96,0,0,10.01368333,0,0,6 HC,0.104309201,6.25855206,participant
6,HC,full,6 HC full,interaction,830,6,hard,17,1,1,1.7741,100,100,6 HC,0.104358824,6.26152944,participant
6,HC,full,6 HC full,interaction,830,6,hard,57,0,0,9.61445,0,0,6 HC,0.168674561,10.12047366,participant
6,HC,full,6 HC full,interaction,830,6,hard,49,1,1,3.18755,100,100,6 HC,0.065052041,3.90312246,participant
6,HC,full,6 HC full,interaction,830,6,hard,26,0,0,5.161133333,0,0,6 HC,0.198505128,11.91030768,participant
6,HC,full,6 HC full,interaction,830,6,hard,16,0,0,2.681383333,0,0,6 HC,0.167586458,10.05518748,participant
6,HC,full,6 HC full,interaction,830,6,hard,16,1,0,3.31055,100,0,6 HC,0.206909375,12.4145625,participant
6,HC,full,6 HC full,interaction,830,6,hard,13,1,0,4.455216667,100,0,6 HC,0.342708974,20.56253844,participant
6,HC,full,6 HC full,interaction,830,6,hard,34,0,0,3.618333333,0,0,6 HC,0.106421569,6.38529414,participant
6,HC,full,6 HC full,interaction,830,6,hard,5,0,0,0.890016667,0,0,6 HC,0.178003333,10.68019998,participant
6,HC,full,6 HC full,interaction,830,6,hard,23,0,0,3.665016667,0,0,6 HC,0.159348551,9.56091306,participant
6,HC,full,6 HC full,interaction,830,6,hard,74,0,0,10.03331667,0,0,6 HC,0.13558536,8.1351216,participant
6,HC,full,6 HC full,interaction,830,6,hard,94,0,0,9.95205,0,0,6 HC,0.105872872,6.35237232,participant
6,HC,full,6 HC full,interaction,830,6,hard,55,0,0,4.228633333,0,0,6 HC,0.076884242,4.61305452,participant
6,HC,full,6 HC full,interaction,830,6,hard,9,0,0,2.942733333,0,0,6 HC,0.32697037,19.6182222,participant
6,HC,full,6 HC full,interaction,830,6,hard,30,0,0,2.046833333,0,0,6 HC,0.068227778,4.09366668,participant
6,HC,full,6 HC full,interaction,830,6,hard,41,1,1,3.66615,100,100,6 HC,0.089418293,5.36509758,participant
6,HC,full,6 HC full,interaction,830,6,hard,75,0,0,8.212433333,0,0,6 HC,0.109499111,6.56994666,participant
6,HC,full,6 HC full,interaction,830,6,hard,38,0,0,5.902316667,0,0,6 HC,0.155324123,9.31944738,participant
6,HC,full,6 HC full,interaction,830,6,hard,9,1,0,2.078683333,100,0,6 HC,0.230964815,13.8578889,participant
6,HC,full,6 HC full,interaction,830,6,hard,12,0,0,1.39695,0,0,6 HC,0.1164125,6.98475,participant
6,HC,full,6 HC full,interaction,830,6,hard,29,0,0,4.7544,0,0,6 HC,0.163944828,9.83668968,participant
6,HC,full,6 HC full,interaction,830,6,hard,56,0,0,4.019233333,0,0,6 HC,0.071772024,4.30632144,participant
6,HC,full,6 HC full,interaction,830,6,hard,25,0,0,1.834583333,0,0,6 HC,0.073383333,4.40299998,participant
6,HC,full,6 HC full,interaction,830,6,hard,27,1,0,6.905616667,100,0,6 HC,0.25576358,15.3458148,participant
6,HC,full,6 HC full,interaction,830,6,hard,16,0,0,3.377516667,0,0,6 HC,0.211094792,12.66568752,participant
6,HC,full,6 HC full,interaction,830,6,hard,40,1,0,3.37335,100,0,6 HC,0.08433375,5.060025,participant
6,HC,full,6 HC full,interaction,830,6,hard,12,0,0,1.751633333,0,0,6 HC,0.145969444,8.75816664,participant
6,HC,full,6 HC full,interaction,830,6,hard,55,0,0,9.737716667,0,0,6 HC,0.177049394,10.62296364,participant
6,HC,full,6 HC full,interaction,830,6,hard,15,0,0,1.823266667,0,0,6 HC,0.121551111,7.29306666,participant
6,HC,full,6 HC full,interaction,830,6,hard,54,0,0,9.58165,0,0,6 HC,0.177437963,10.64627778,participant
6,HC,full,6 HC full,interaction,830,6,hard,22,0,0,1.92585,0,0,6 HC,0.087538636,5.25231816,participant
6,HC,full,6 HC full,interaction,830,6,hard,61,0,0,8.797733333,0,0,6 HC,0.144225137,8.65350822,participant
6,HC,full,6 HC full,interaction,830,6,hard,14,0,0,1.512833333,0,0,6 HC,0.108059524,6.48357144,participant
6,HC,full,6 HC full,interaction,830,6,hard,43,1,0,6.97065,100,0,6 HC,0.16210814,9.7264884,participant
6,HC,full,6 HC full,interaction,830,6,hard,48,1,1,6.152116667,100,100,6 HC,0.128169097,7.69014582,participant
6,HC,full,6 HC full,interaction,830,6,hard,68,0,0,9.257933333,0,0,6 HC,0.136146078,8.16876468,participant
6,HC,full,6 HC full,interaction,830,6,hard,14,0,0,1.042783333,0,0,6 HC,0.074484524,4.46907144,participant
6,HC,full,6 HC full,interaction,830,6,hard,28,1,1,3.16295,100,100,6 HC,0.1129625,6.77775,participant
6,HC,full,6 HC full,interaction,830,6,hard,69,1,1,6.135516667,100,100,6 HC,0.088920531,5.33523186,participant
6,HC,full,6 HC full,interaction,830,6,hard,35,1,0,2.516566667,100,0,6 HC,0.071901905,4.3141143,participant
6,HC,truncated,6 HC truncated,interaction,296,6,hard,17,0,0,0.82055,0,0,6 HC,0.048267647,2.89605882,participant
6,HC,truncated,6 HC truncated,interaction,296,6,hard,9,0,0,2.528833333,0,0,6 HC,0.280981481,16.85888886,participant
6,HC,truncated,6 HC truncated,interaction,296,6,hard,33,0,0,9.1994,0,0,6 HC,0.278769697,16.72618182,participant
6,HC,truncated,6 HC truncated,interaction,296,6,hard,2,0,0,1.037733333,0,0,6 HC,0.518866667,31.13200002,participant
6,HC,truncated,6 HC truncated,interaction,296,6,hard,19,1,0,2.642933333,100,0,6 HC,0.139101754,8.34610524,participant
6,HC,truncated,6 HC truncated,interaction,296,6,hard,41,0,0,4.274383333,0,0,6 HC,0.104253252,6.25519512,participant
6,HC,truncated,6 HC truncated,interaction,296,6,hard,41,0,0,3.336416667,0,0,6 HC,0.081376016,4.88256096,participant
6,HC,truncated,6 HC truncated,interaction,296,6,hard,13,0,0,2.963433333,0,0,6 HC,0.22795641,13.6773846,participant
6,HC,truncated,6 HC truncated,interaction,296,6,hard,8,0,0,1.7887,0,0,6 HC,0.2235875,13.41525,participant
6,HC,truncated,6 HC truncated,interaction,296,6,hard,63,0,0,6.090766667,0,0,6 HC,0.096678836,5.80073016,participant
6,HC,truncated,6 HC truncated,interaction,296,6,hard,34,0,0,3.475816667,0,0,6 HC,0.102229902,6.13379412,participant
6,HC,truncated,6 HC truncated,interaction,296,6,hard,11,1,1,1.346566667,100,100,6 HC,0.122415152,7.34490912,participant
6,HC,truncated,6 HC truncated,interaction,296,6,hard,0,0,0,0.4724,0,0,6 HC,0,0,participant
6,HC,truncated,6 HC truncated,interaction,296,6,hard,8,0,0,1.6189,0,0,6 HC,0.2023625,12.14175,participant
6,HC,truncated,6 HC truncated,interaction,296,6,hard,31,0,0,7.1495,0,0,6 HC,0.230629032,13.83774192,participant
6,HC,truncated,6 HC truncated,interaction,296,6,hard,18,0,0,4.812,0,0,6 HC,0.267333333,16.03999998,participant
6,HC,truncated,6 HC truncated,interaction,296,6,hard,18,1,1,3.126616667,100,100,6 HC,0.173700926,10.42205556,participant
6,HC,truncated,6 HC truncated,interaction,296,6,hard,26,0,0,2.569866667,0,0,6 HC,0.098841026,5.93046156,participant
6,HC,truncated,6 HC truncated,interaction,296,6,hard,19,0,0,1.212966667,0,0,6 HC,0.063840351,3.83042106,participant
6,HC,truncated,6 HC truncated,interaction,296,6,hard,71,0,0,6.18235,0,0,6 HC,0.087075352,5.22452112,participant
6,HC,truncated,6 HC truncated,interaction,296,6,hard,43,0,0,3.772816667,0,0,6 HC,0.087739922,5.26439532,participant
6,HC,truncated,6 HC truncated,interaction,296,6,hard,101,1,1,6.8294,100,100,6 HC,0.067617822,4.05706932,participant
6,HC,truncated,6 HC truncated,interaction,296,6,hard,25,0,0,4.2958,0,0,6 HC,0.171832,10.30992,participant
6,HC,truncated,6 HC truncated,interaction,296,6,hard,4,1,1,0.68805,100,100,6 HC,0.1720125,10.32075,participant
6,HC,truncated,6 HC truncated,interaction,296,6,hard,16,1,1,0.779233333,100,100,6 HC,0.048702083,2.92212498,participant
6,HC,truncated,6 HC truncated,interaction,296,6,hard,6,0,0,1.205816667,0,0,6 HC,0.200969445,12.0581667,participant
6,HC,truncated,6 HC truncated,interaction,296,6,hard,41,0,0,4.958083333,0,0,6 HC,0.120928862,7.25573172,participant
6,HC,truncated,6 HC truncated,interaction,296,6,hard,2,1,1,1.658733333,100,100,6 HC,0.829366667,49.76200002,participant
6,HC,truncated,6 HC truncated,interaction,296,6,hard,10,0,0,1.8633,0,0,6 HC,0.18633,11.1798,participant
6,HC,truncated,6 HC truncated,interaction,296,6,hard,16,0,0,2.444016667,0,0,6 HC,0.152751042,9.16506252,participant
6,HC,truncated,6 HC truncated,interaction,296,6,hard,8,0,0,1.232166667,0,0,6 HC,0.154020833,9.24124998,participant
6,HC,truncated,6 HC truncated,interaction,296,6,hard,30,0,0,4.846816667,0,0,6 HC,0.161560556,9.69363336,participant
6,HC,truncated,6 HC truncated,interaction,296,6,hard,47,1,0,6.531066667,100,0,6 HC,0.138958865,8.3375319,participant
6,HC,truncated,6 HC truncated,interaction,296,6,hard,8,0,0,1.412866667,0,0,6 HC,0.176608333,10.59649998,participant
10,MC,full,10 MC full,interaction,450,10,medium,450,1,0,6.24675,100,0,10 MC,0.145273256,8.71639536,alpha-beta
10,MC,full,10 MC full,interaction,450,10,medium,450,1,0,4.1896,100,0,10 MC,0.15517037,9.3102222,alpha-beta
10,MC,full,10 MC full,interaction,450,10,medium,450,0,0,3.763416667,0,0,10 MC,0.144746795,8.6848077,alpha-beta
10,MC,full,10 MC full,interaction,450,10,medium,450,0,0,0.431733333,0,0,10 MC,0.053966667,3.23800002,alpha-beta
10,MC,full,10 MC full,interaction,450,10,medium,450,0,0,6.845566667,0,0,10 MC,0.122242262,7.33453572,alpha-beta
10,MC,full,10 MC full,interaction,450,10,medium,450,0,0,3.47875,0,0,10 MC,0.193263889,11.59583334,alpha-beta
10,MC,full,10 MC full,interaction,450,10,medium,450,0,0,2.290883333,0,0,10 MC,0.152725556,9.16353336,alpha-beta
10,MC,full,10 MC full,interaction,450,10,medium,450,0,0,4.3189,0,0,10 MC,0.154246429,9.25478574,alpha-beta
10,MC,full,10 MC full,interaction,450,10,medium,450,1,1,1.411633333,100,100,10 MC,0.108587179,6.51523074,alpha-beta
10,MC,full,10 MC full,interaction,450,10,medium,450,0,0,10.03778333,0,0,10 MC,0.058359205,3.5015523,alpha-beta
10,MC,full,10 MC full,interaction,450,10,medium,450,0,0,10.06065,0,0,10 MC,0.164928689,9.89572134,alpha-beta
10,MC,full,10 MC full,interaction,450,10,medium,450,0,0,8.114033333,0,0,10 MC,0.108187111,6.49122666,alpha-beta
10,MC,full,10 MC full,interaction,450,10,medium,450,0,0,9.548483333,0,0,10 MC,0.119356042,7.16136252,alpha-beta
10,MC,full,10 MC full,interaction,450,10,medium,450,0,0,1.2113,0,0,10 MC,0.055059091,3.30354546,alpha-beta
10,MC,full,10 MC full,interaction,450,10,medium,450,0,0,2.488333333,0,0,10 MC,0.207361111,12.44166666,alpha-beta
10,MC,full,10 MC full,interaction,450,10,medium,450,0,0,7.1288,0,0,10 MC,0.1113875,6.68325,alpha-beta
10,MC,full,10 MC full,interaction,450,10,medium,450,1,1,3.771483333,100,100,10 MC,0.083810741,5.02864446,alpha-beta
10,MC,full,10 MC full,interaction,450,10,medium,450,1,1,3.40345,100,100,10 MC,0.136138,8.16828,alpha-beta
10,MC,full,10 MC full,interaction,450,10,medium,450,0,0,2.505783333,0,0,10 MC,0.501156667,30.06940002,alpha-beta
10,MC,full,10 MC full,interaction,450,10,medium,450,0,0,6.415666667,0,0,10 MC,0.188696078,11.32176468,alpha-beta
10,MC,full,10 MC full,interaction,450,10,medium,450,1,1,6.319783333,100,100,10 MC,0.131662153,7.89972918,alpha-beta
10,MC,full,10 MC full,interaction,450,10,medium,450,0,0,5.42665,0,0,10 MC,0.387617857,23.25707142,alpha-beta
10,MC,full,10 MC full,interaction,450,10,medium,450,1,0,4.18425,100,0,10 MC,0.261515625,15.6909375,alpha-beta
10,MC,full,10 MC full,interaction,450,10,medium,450,0,0,8.536633333,0,0,10 MC,0.185578986,11.13473916,alpha-beta
10,MC,full,10 MC full,interaction,450,10,medium,450,0,0,5.620316667,0,0,10 MC,0.119581206,7.17487236,alpha-beta
10,MC,full,10 MC full,interaction,450,10,medium,450,1,1,5.100216667,100,100,10 MC,0.115914015,6.9548409,alpha-beta
10,MC,full,10 MC full,interaction,450,10,medium,450,0,0,10.08538333,0,0,10 MC,0.305617677,18.33706062,alpha-beta
10,MC,full,10 MC full,interaction,450,10,medium,450,1,1,3.0535,100,100,10 MC,0.127229167,7.63375002,alpha-beta
10,MC,full,10 MC full,interaction,450,10,medium,450,0,0,9.375083333,0,0,10 MC,0.121754329,7.30525974,alpha-beta
10,MC,full,10 MC full,interaction,450,10,medium,450,1,1,3.0907,100,100,10 MC,0.30907,18.5442,alpha-beta
10,MC,full,10 MC full,interaction,450,10,medium,450,1,1,2.7476,100,100,10 MC,0.34345,20.607,alpha-beta
10,MC,full,10 MC full,interaction,450,10,medium,450,1,1,6.97205,100,100,10 MC,0.232401667,13.94410002,alpha-beta
10,MC,full,10 MC full,interaction,450,10,medium,450,0,0,6.740933333,0,0,10 MC,0.087544589,5.25267534,alpha-beta
10,MC,full,10 MC full,interaction,450,10,medium,450,0,0,3.471866667,0,0,10 MC,0.231457778,13.88746668,alpha-beta
10,MC,full,10 MC full,interaction,450,10,medium,450,0,0,5.103233333,0,0,10 MC,0.145806667,8.74840002,alpha-beta
10,MC,full,10 MC full,interaction,450,10,medium,450,1,1,6.7194,100,100,10 MC,0.159985714,9.59914284,alpha-beta
10,MC,full,10 MC full,interaction,450,10,medium,450,1,1,8.9829,100,100,10 MC,0.280715625,16.8429375,alpha-beta
10,MC,full,10 MC full,interaction,450,10,medium,450,1,1,3.700216667,100,100,10 MC,0.284632051,17.07792306,alpha-beta
10,MC,full,10 MC full,interaction,450,10,medium,450,0,0,6.484133333,0,0,10 MC,0.223590805,13.4154483,alpha-beta
10,MC,full,10 MC full,interaction,450,10,medium,450,1,1,8.954366667,100,100,10 MC,0.110547737,6.63286422,alpha-beta
10,MC,full,10 MC full,interaction,450,10,medium,450,0,0,8.9814,0,0,10 MC,0.179628,10.77768,alpha-beta
10,MC,full,10 MC full,interaction,450,10,medium,450,0,0,10.10885,0,0,10 MC,0.198212745,11.8927647,alpha-beta
10,MC,full,10 MC full,interaction,450,10,medium,450,0,0,9.218383333,0,0,10 MC,0.156243785,9.3746271,alpha-beta
10,MC,full,10 MC full,interaction,450,10,medium,450,0,0,10.07871667,0,0,10 MC,0.143981667,8.63890002,alpha-beta
10,MC,full,10 MC full,interaction,450,10,medium,450,1,1,6.730933333,100,100,10 MC,0.172588034,10.35528204,alpha-beta
10,MC,full,10 MC full,interaction,450,10,medium,450,0,0,6.257633333,0,0,10 MC,0.073619216,4.41715296,alpha-beta
10,MC,full,10 MC full,interaction,450,10,medium,450,0,0,9.510566667,0,0,10 MC,0.110587985,6.6352791,alpha-beta
10,MC,full,10 MC full,interaction,450,10,medium,450,0,0,9.94635,0,0,10 MC,0.098478713,5.90872278,alpha-beta
10,MC,full,10 MC full,interaction,450,10,medium,450,0,0,10.0594,0,0,10 MC,0.135937838,8.15627028,alpha-beta
10,MC,full,10 MC full,interaction,450,10,medium,450,1,1,9.71135,100,100,10 MC,0.127780921,7.66685526,alpha-beta
10,MC,full,10 MC full,interaction,450,10,medium,450,0,0,4.411783333,0,0,10 MC,0.059618694,3.57712164,alpha-beta
10,MC,truncated,10 MC truncated,interaction,198,10,medium,198,1,1,5.6076,100,100,10 MC,0.096682759,5.80096554,alpha-beta
10,MC,truncated,10 MC truncated,interaction,198,10,medium,198,0,0,2.647083333,0,0,10 MC,0.085389785,5.1233871,alpha-beta
10,MC,truncated,10 MC truncated,interaction,198,10,medium,198,0,0,3.328216667,0,0,10 MC,0.123267284,7.39603704,alpha-beta
10,MC,truncated,10 MC truncated,interaction,198,10,medium,198,0,0,0.569233333,0,0,10 MC,0.113846667,6.83080002,alpha-beta
10,MC,truncated,10 MC truncated,interaction,198,10,medium,198,0,0,9.07905,0,0,10 MC,0.324251786,19.45510716,alpha-beta
10,MC,truncated,10 MC truncated,interaction,198,10,medium,198,1,1,7.580416667,100,100,10 MC,0.236888021,14.21328126,alpha-beta
10,MC,truncated,10 MC truncated,interaction,198,10,medium,198,1,1,3.34015,100,100,10 MC,0.334015,20.0409,alpha-beta
10,MC,truncated,10 MC truncated,interaction,198,10,medium,198,0,0,1.092983333,0,0,10 MC,0.136622917,8.19737502,alpha-beta
10,MC,truncated,10 MC truncated,interaction,198,10,medium,198,1,1,8.292566667,100,100,10 MC,0.127577949,7.65467694,alpha-beta
10,MC,truncated,10 MC truncated,interaction,198,10,medium,198,1,1,3.933,100,100,10 MC,0.171,10.26,alpha-beta
10,MC,truncated,10 MC truncated,interaction,198,10,medium,198,0,0,9.52725,0,0,10 MC,0.142197761,8.53186566,alpha-beta
10,MC,truncated,10 MC truncated,interaction,198,10,medium,198,1,1,2.039866667,100,100,10 MC,0.065802151,3.94812906,alpha-beta
10,MC,truncated,10 MC truncated,interaction,198,10,medium,198,1,1,5.292633333,100,100,10 MC,0.211705333,12.70231998,alpha-beta
10,MC,truncated,10 MC truncated,interaction,198,10,medium,198,1,1,2.189066667,100,100,10 MC,0.145937778,8.75626668,alpha-beta
10,MC,truncated,10 MC truncated,interaction,198,10,medium,198,1,1,3.080716667,100,100,10 MC,1.026905556,61.61433336,alpha-beta
10,MC,truncated,10 MC truncated,interaction,198,10,medium,198,1,1,5.033616667,100,100,10 MC,0.251680833,15.10084998,alpha-beta
10,MC,truncated,10 MC truncated,interaction,198,10,medium,198,1,1,3.219283333,100,100,10 MC,0.189369608,11.36217648,alpha-beta
10,MC,truncated,10 MC truncated,interaction,198,10,medium,198,0,0,1.48615,0,0,10 MC,0.29723,17.8338,alpha-beta
10,MC,truncated,10 MC truncated,interaction,198,10,medium,198,1,1,1.737,100,100,10 MC,0.157909091,9.47454546,alpha-beta
10,MC,truncated,10 MC truncated,interaction,198,10,medium,198,0,0,3.82715,0,0,10 MC,0.059799219,3.58795314,alpha-beta
10,MC,truncated,10 MC truncated,interaction,198,10,medium,198,1,1,5.045766667,100,100,10 MC,0.107356738,6.44140428,alpha-beta
10,MC,truncated,10 MC truncated,interaction,198,10,medium,198,0,0,10.12833333,0,0,10 MC,0.235542636,14.13255816,alpha-beta
10,MC,truncated,10 MC truncated,interaction,198,10,medium,198,0,0,1.354033333,0,0,10 MC,0.677016667,40.62100002,alpha-beta
10,MC,truncated,10 MC truncated,interaction,198,10,medium,198,1,1,2.052666667,100,100,10 MC,0.256583333,15.39499998,alpha-beta
10,MC,truncated,10 MC truncated,interaction,198,10,medium,198,0,0,2.938383333,0,0,10 MC,0.163243519,9.79461114,alpha-beta
10,MC,truncated,10 MC truncated,interaction,198,10,medium,198,1,1,4.361283333,100,100,10 MC,0.140686559,8.44119354,alpha-beta
10,MC,truncated,10 MC truncated,interaction,198,10,medium,198,1,1,1.350466667,100,100,10 MC,0.337616667,20.25700002,alpha-beta
10,MC,truncated,10 MC truncated,interaction,198,10,medium,198,1,1,9.077833333,100,100,10 MC,0.109371486,6.56228916,alpha-beta
10,MC,truncated,10 MC truncated,interaction,198,10,medium,198,1,1,2.238833333,100,100,10 MC,0.172217949,10.33307694,alpha-beta
10,MC,truncated,10 MC truncated,interaction,198,10,medium,198,0,0,9.794966667,0,0,10 MC,0.105322222,6.31933332,alpha-beta
10,MC,truncated,10 MC truncated,interaction,198,10,medium,198,0,0,10.16466667,0,0,10 MC,0.216269504,12.97617024,alpha-beta
10,MC,truncated,10 MC truncated,interaction,198,10,medium,198,1,1,2.3246,100,100,10 MC,0.290575,17.4345,alpha-beta
10,HC,full,10 HC full,interaction,3243,10,hard,3243,1,1,4.3583,100,100,10 HC,0.174332,10.45992,alpha-beta
10,HC,full,10 HC full,interaction,3243,10,hard,3243,0,0,1.01,0,0,10 HC,0.505,30.3,alpha-beta
10,HC,full,10 HC full,interaction,3243,10,hard,3243,1,1,4.027866667,100,100,10 HC,0.167827778,10.06966668,alpha-beta
10,HC,full,10 HC full,interaction,3243,10,hard,3243,0,0,0.779183333,0,0,10 HC,0.259727778,15.58366668,alpha-beta
10,HC,full,10 HC full,interaction,3243,10,hard,3243,1,0,3.0183,100,0,10 HC,0.086237143,5.17422858,alpha-beta
10,HC,full,10 HC full,interaction,3243,10,hard,3243,0,0,2.0956,0,0,10 HC,0.077614815,4.6568889,alpha-beta
10,HC,full,10 HC full,interaction,3243,10,hard,3243,0,0,0.23455,0,0,10 HC,0.078183333,4.69099998,alpha-beta
10,HC,full,10 HC full,interaction,3243,10,hard,3243,0,0,2.961483333,0,0,10 HC,0.141023016,8.46138096,alpha-beta
10,HC,full,10 HC full,interaction,3243,10,hard,3243,0,0,4.018333333,0,0,10 HC,0.108603604,6.51621624,alpha-beta
10,HC,full,10 HC full,interaction,3243,10,hard,3243,1,0,1.727583333,100,0,10 HC,0.345516667,20.73100002,alpha-beta
10,HC,full,10 HC full,interaction,3243,10,hard,3243,0,0,9.124166667,0,0,10 HC,0.13824495,8.294697,alpha-beta
10,HC,full,10 HC full,interaction,3243,10,hard,3243,0,0,10.03676667,0,0,10 HC,0.213548227,12.81289362,alpha-beta
10,HC,full,10 HC full,interaction,3243,10,hard,3243,0,0,5.045616667,0,0,10 HC,0.180200595,10.8120357,alpha-beta
10,HC,full,10 HC full,interaction,3243,10,hard,3243,1,1,3.200666667,100,100,10 HC,0.266722222,16.00333332,alpha-beta
10,HC,full,10 HC full,interaction,3243,10,hard,3243,0,0,6.422116667,0,0,10 HC,0.247004487,14.82026922,alpha-beta
10,HC,full,10 HC full,interaction,3243,10,hard,3243,1,1,1.532233333,100,100,10 HC,0.127686111,7.66116666,alpha-beta
10,HC,full,10 HC full,interaction,3243,10,hard,3243,1,1,1.415916667,100,100,10 HC,0.094394444,5.66366664,alpha-beta
10,HC,full,10 HC full,interaction,3243,10,hard,3243,1,0,2.633233333,100,0,10 HC,0.146290741,8.77744446,alpha-beta
10,HC,full,10 HC full,interaction,3243,10,hard,3243,1,1,2.044616667,100,100,10 HC,0.042596181,2.55577086,alpha-beta
10,HC,full,10 HC full,interaction,3243,10,hard,3243,1,1,1.52185,100,100,10 HC,0.108703571,6.52221426,alpha-beta
10,HC,full,10 HC full,interaction,3243,10,hard,3243,1,1,3.3054,100,100,10 HC,0.2065875,12.39525,alpha-beta
10,HC,full,10 HC full,interaction,3243,10,hard,3243,1,1,3.17925,100,100,10 HC,0.21195,12.717,alpha-beta
10,HC,full,10 HC full,interaction,3243,10,hard,3243,0,0,5.189266667,0,0,10 HC,0.185330952,11.11985712,alpha-beta
10,HC,full,10 HC full,interaction,3243,10,hard,3243,0,0,5.777183333,0,0,10 HC,0.186360753,11.18164518,alpha-beta
10,HC,full,10 HC full,interaction,3243,10,hard,3243,0,0,6.3855,0,0,10 HC,0.29025,17.415,alpha-beta
10,HC,full,10 HC full,interaction,3243,10,hard,3243,0,0,6.662083333,0,0,10 HC,0.079310516,4.75863096,alpha-beta
10,HC,full,10 HC full,interaction,3243,10,hard,3243,0,0,9.1248,0,0,10 HC,0.240126316,14.40757896,alpha-beta
10,HC,full,10 HC full,interaction,3243,10,hard,3243,0,0,7.74545,0,0,10 HC,0.209336486,12.56018916,alpha-beta
10,HC,full,10 HC full,interaction,3243,10,hard,3243,0,0,3.0033,0,0,10 HC,0.091009091,5.46054546,alpha-beta
10,HC,full,10 HC full,interaction,3243,10,hard,3243,0,0,3.827,0,0,10 HC,0.212611111,12.75666666,alpha-beta
10,HC,full,10 HC full,interaction,3243,10,hard,3243,1,0,2.435666667,100,0,10 HC,0.608916667,36.53500002,alpha-beta
10,HC,full,10 HC full,interaction,3243,10,hard,3243,0,0,4.028216667,0,0,10 HC,0.106005702,6.36034212,alpha-beta
10,HC,truncated,10 HC truncated,interaction,496,10,hard,496,1,0,1.717233333,100,0,10 HC,0.343446667,20.60680002,alpha-beta
10,HC,truncated,10 HC truncated,interaction,496,10,hard,496,1,1,1.5414,100,100,10 HC,0.2569,15.414,alpha-beta
10,HC,truncated,10 HC truncated,interaction,496,10,hard,496,0,0,6.402,0,0,10 HC,0.206516129,12.39096774,alpha-beta
10,HC,truncated,10 HC truncated,interaction,496,10,hard,496,0,0,3.94445,0,0,10 HC,0.116013235,6.9607941,alpha-beta
10,HC,truncated,10 HC truncated,interaction,496,10,hard,496,1,1,3.65855,100,100,10 HC,0.152439583,9.14637498,alpha-beta
10,HC,truncated,10 HC truncated,interaction,496,10,hard,496,0,0,7.58165,0,0,10 HC,0.103858219,6.23149314,alpha-beta
10,HC,truncated,10 HC truncated,interaction,496,10,hard,496,1,1,9.457683333,100,100,10 HC,0.205601812,12.33610872,alpha-beta
10,HC,truncated,10 HC truncated,interaction,496,10,hard,496,0,0,8.158116667,0,0,10 HC,0.135968611,8.15811666,alpha-beta
10,HC,truncated,10 HC truncated,interaction,496,10,hard,496,0,0,6.257683333,0,0,10 HC,0.481360256,28.88161536,alpha-beta
10,HC,truncated,10 HC truncated,interaction,496,10,hard,496,0,0,9.933716667,0,0,10 HC,0.09835363,5.9012178,alpha-beta
10,HC,truncated,10 HC truncated,interaction,496,10,hard,496,0,0,9.628533333,0,0,10 HC,0.171938095,10.3162857,alpha-beta
10,HC,truncated,10 HC truncated,interaction,496,10,hard,496,1,0,1.3599,100,0,10 HC,0.22665,13.599,alpha-beta
10,HC,truncated,10 HC truncated,interaction,496,10,hard,496,0,0,9.09195,0,0,10 HC,0.131767391,7.90604346,alpha-beta
10,HC,truncated,10 HC truncated,interaction,496,10,hard,496,1,1,7.72025,100,100,10 HC,0.110289286,6.61735716,alpha-beta
10,HC,truncated,10 HC truncated,interaction,496,10,hard,496,1,0,9.880716667,100,0,10 HC,0.141153095,8.4691857,alpha-beta
10,HC,truncated,10 HC truncated,interaction,496,10,hard,496,0,0,1.77325,0,0,10 HC,0.161204545,9.6722727,alpha-beta
10,HC,truncated,10 HC truncated,interaction,496,10,hard,496,0,0,2.415,0,0,10 HC,0.134166667,8.05000002,alpha-beta
10,HC,truncated,10 HC truncated,interaction,496,10,hard,496,0,0,4.8891,0,0,10 HC,0.30556875,18.334125,alpha-beta
10,HC,truncated,10 HC truncated,interaction,496,10,hard,496,1,1,4.817183333,100,100,10 HC,0.130194144,7.81164864,alpha-beta
10,HC,truncated,10 HC truncated,interaction,496,10,hard,496,0,0,2.4617,0,0,10 HC,0.24617,14.7702,alpha-beta
10,HC,truncated,10 HC truncated,interaction,496,10,hard,496,0,0,1.636,0,0,10 HC,0.1636,9.816,alpha-beta
10,HC,truncated,10 HC truncated,interaction,496,10,hard,496,1,1,2.9373,100,100,10 HC,0.057594118,3.45564708,alpha-beta
10,HC,truncated,10 HC truncated,interaction,496,10,hard,496,1,1,3.144633333,100,100,10 HC,0.224616667,13.47700002,alpha-beta
10,HC,truncated,10 HC truncated,interaction,496,10,hard,496,1,1,1.825116667,100,100,10 HC,0.091255833,5.47534998,alpha-beta
10,HC,truncated,10 HC truncated,interaction,496,10,hard,496,0,0,1.233316667,0,0,10 HC,0,0,alpha-beta
10,HC,truncated,10 HC truncated,interaction,496,10,hard,496,0,0,5.225383333,0,0,10 HC,0.145149537,8.70897222,alpha-beta
10,HC,truncated,10 HC truncated,interaction,496,10,hard,496,0,0,9.906183333,0,0,10 HC,0.139523709,8.37142254,alpha-beta
10,HC,truncated,10 HC truncated,interaction,496,10,hard,496,0,0,1.277333333,0,0,10 HC,0,0,alpha-beta
10,HC,truncated,10 HC truncated,interaction,496,10,hard,496,0,0,4.674483333,0,0,10 HC,0.146077604,8.76465624,alpha-beta
10,HC,truncated,10 HC truncated,interaction,496,10,hard,496,0,0,5.82215,0,0,10 HC,0.166347143,9.98082858,alpha-beta
10,HC,truncated,10 HC truncated,interaction,496,10,hard,496,1,1,4.23795,100,100,10 HC,0.121084286,7.26505716,alpha-beta
10,HC,truncated,10 HC truncated,interaction,496,10,hard,496,1,0,9.746933333,100,0,10 HC,0.183904403,11.03426418,alpha-beta
10,HC,truncated,10 HC truncated,interaction,496,10,hard,496,0,0,9.390416667,0,0,10 HC,0.167686012,10.06116072,alpha-beta
10,HC,truncated,10 HC truncated,interaction,496,10,hard,496,0,0,8.948733333,0,0,10 HC,0.102859004,6.17154024,alpha-beta
10,HC,truncated,10 HC truncated,interaction,496,10,hard,496,0,0,5.574033333,0,0,10 HC,0.214385897,12.86315382,alpha-beta
10,HC,truncated,10 HC truncated,interaction,496,10,hard,496,0,0,1.81075,0,0,10 HC,0.258678571,15.52071426,alpha-beta
10,DC,full,10 DC full,interaction,97098,10,CV,97098,0,0,2.133516667,0,0,10 DC,0.177793056,10.66758336,alpha-beta
10,DC,full,10 DC full,interaction,97098,10,CV,97098,1,0,5.270566667,100,0,10 DC,0.095828485,5.7497091,alpha-beta
10,DC,full,10 DC full,interaction,97098,10,CV,97098,0,0,0.448683333,0,0,10 DC,0.224341667,13.46050002,alpha-beta
10,DC,full,10 DC full,interaction,97098,10,CV,97098,0,0,3.525683333,0,0,10 DC,0.088142083,5.28852498,alpha-beta
10,DC,full,10 DC full,interaction,97098,10,CV,97098,0,0,0.659833333,0,0,10 DC,0.329916667,19.79500002,alpha-beta
10,DC,full,10 DC full,interaction,97098,10,CV,97098,0,0,2.821866667,0,0,10 DC,0.112874667,6.77248002,alpha-beta
10,DC,full,10 DC full,interaction,97098,10,CV,97098,0,0,0.754083333,0,0,10 DC,0.05800641,3.4803846,alpha-beta
10,DC,full,10 DC full,interaction,97098,10,CV,97098,0,0,2.68045,0,0,10 DC,0.223370833,13.40224998,alpha-beta
10,DC,full,10 DC full,interaction,97098,10,CV,97098,0,0,1.874916667,0,0,10 DC,0.156243056,9.37458336,alpha-beta
10,DC,full,10 DC full,interaction,97098,10,CV,97098,1,0,2.783533333,100,0,10 DC,0.146501754,8.79010524,alpha-beta
10,DC,full,10 DC full,interaction,97098,10,CV,97098,0,0,5.13965,0,0,10 DC,0.093448182,5.60689092,alpha-beta
10,DC,full,10 DC full,interaction,97098,10,CV,97098,1,1,1.358833333,100,100,10 DC,0.123530303,7.41181818,alpha-beta
10,DC,full,10 DC full,interaction,97098,10,CV,97098,0,0,1.5131,0,0,10 DC,0.168122222,10.08733332,alpha-beta
10,DC,full,10 DC full,interaction,97098,10,CV,97098,0,0,4.731816667,0,0,10 DC,0.143388384,8.60330304,alpha-beta
10,DC,full,10 DC full,interaction,97098,10,CV,97098,0,0,5.1614,0,0,10 DC,0.215058333,12.90349998,alpha-beta
10,DC,full,10 DC full,interaction,97098,10,CV,97098,0,0,4.242783333,0,0,10 DC,0.132586979,7.95521874,alpha-beta
10,DC,full,10 DC full,interaction,97098,10,CV,97098,0,0,1.5902,0,0,10 DC,0.113585714,6.81514284,alpha-beta
10,DC,full,10 DC full,interaction,97098,10,CV,97098,1,0,2.190233333,100,0,10 DC,0.168479487,10.10876922,alpha-beta
10,DC,full,10 DC full,interaction,97098,10,CV,97098,0,0,6.166016667,0,0,10 DC,0.128458681,7.70752086,alpha-beta
10,DC,full,10 DC full,interaction,97098,10,CV,97098,0,0,7.629183333,0,0,10 DC,0.108988333,6.53929998,alpha-beta
10,DC,full,10 DC full,interaction,97098,10,CV,97098,1,1,6.280433333,100,100,10 DC,0.128172109,7.69032654,alpha-beta
10,DC,full,10 DC full,interaction,97098,10,CV,97098,0,0,2.631,0,0,10 DC,0.053693878,3.22163268,alpha-beta
10,DC,full,10 DC full,interaction,97098,10,CV,97098,0,0,1.7553,0,0,10 DC,0.5851,35.106,alpha-beta
10,DC,full,10 DC full,interaction,97098,10,CV,97098,0,0,3.382,0,0,10 DC,0.096628571,5.79771426,alpha-beta
10,DC,full,10 DC full,interaction,97098,10,CV,97098,0,0,4.599433333,0,0,10 DC,0.099987681,5.99926086,alpha-beta
10,DC,full,10 DC full,interaction,97098,10,CV,97098,0,0,1.098716667,0,0,10 DC,0.274679167,16.48075002,alpha-beta
10,DC,full,10 DC full,interaction,97098,10,CV,97098,0,0,1.7595,0,0,10 DC,0.135346154,8.12076924,alpha-beta
10,DC,full,10 DC full,interaction,97098,10,CV,97098,0,0,7.148516667,0,0,10 DC,0.092837879,5.57027274,alpha-beta
10,DC,full,10 DC full,interaction,97098,10,CV,97098,0,0,2.603866667,0,0,10 DC,0.433977778,26.03866668,alpha-beta
10,DC,full,10 DC full,interaction,97098,10,CV,97098,0,0,9.835816667,0,0,10 DC,0.097384323,5.84305938,alpha-beta
10,DC,full,10 DC full,interaction,97098,10,CV,97098,0,0,2.702,0,0,10 DC,0.180133333,10.80799998,alpha-beta
10,DC,full,10 DC full,interaction,97098,10,CV,97098,1,1,3.491516667,100,100,10 DC,0.349151667,20.94910002,alpha-beta
10,DC,full,10 DC full,interaction,97098,10,CV,97098,0,0,9.947666667,0,0,10 DC,0.102553265,6.1531959,alpha-beta
10,DC,full,10 DC full,interaction,97098,10,CV,97098,0,0,3.496083333,0,0,10 DC,0.097113426,5.82680556,alpha-beta
10,DC,full,10 DC full,interaction,97098,10,CV,97098,1,1,4.530366667,100,100,10 DC,0.129439048,7.76634288,alpha-beta
10,DC,full,10 DC full,interaction,97098,10,CV,97098,1,1,4.712016667,100,100,10 DC,0.224381746,13.46290476,alpha-beta
10,DC,full,10 DC full,interaction,97098,10,CV,97098,0,0,3.449233333,0,0,10 DC,0.114974444,6.89846664,alpha-beta
10,DC,full,10 DC full,interaction,97098,10,CV,97098,0,0,2.184816667,0,0,10 DC,0.198619697,11.91718182,alpha-beta
10,DC,full,10 DC full,interaction,97098,10,CV,97098,0,0,2.555566667,0,0,10 DC,0.141975926,8.51855556,alpha-beta
10,DC,full,10 DC full,interaction,97098,10,CV,97098,0,0,1.6769,0,0,10 DC,0.128992308,7.73953848,alpha-beta
10,DC,full,10 DC full,interaction,97098,10,CV,97098,1,1,4.9828,100,100,10 DC,0.62285,37.371,alpha-beta
10,DC,truncated,10 DC truncated,interaction,255,10,CV,255,1,1,2.438883333,100,100,10 DC,0.116137302,6.96823812,alpha-beta
10,DC,truncated,10 DC truncated,interaction,255,10,CV,255,1,1,2.755583333,100,100,10 DC,0.125253788,7.51522728,alpha-beta
10,DC,truncated,10 DC truncated,interaction,255,10,CV,255,1,1,2.0063,100,100,10 DC,0.118017647,7.08105882,alpha-beta
10,DC,truncated,10 DC truncated,interaction,255,10,CV,255,1,1,6.385066667,100,100,10 DC,0.155733333,9.34399998,alpha-beta
10,DC,truncated,10 DC truncated,interaction,255,10,CV,255,1,1,0.851266667,100,100,10 DC,0.070938889,4.25633334,alpha-beta
10,DC,truncated,10 DC truncated,interaction,255,10,CV,255,1,1,1.2724,100,100,10 DC,0.090885714,5.45314284,alpha-beta
10,DC,truncated,10 DC truncated,interaction,255,10,CV,255,0,0,1.203266667,0,0,10 DC,0.075204167,4.51225002,alpha-beta
10,DC,truncated,10 DC truncated,interaction,255,10,CV,255,0,0,0.62685,0,0,10 DC,0.06965,4.179,alpha-beta
10,DC,truncated,10 DC truncated,interaction,255,10,CV,255,1,1,1.219966667,100,100,10 DC,0.203327778,12.19966668,alpha-beta
10,DC,truncated,10 DC truncated,interaction,255,10,CV,255,1,0,2.71255,100,0,10 DC,1.356275,81.3765,alpha-beta
10,DC,truncated,10 DC truncated,interaction,255,10,CV,255,0,0,2.2183,0,0,10 DC,0.088732,5.32392,alpha-beta
10,DC,truncated,10 DC truncated,interaction,255,10,CV,255,1,1,2.41105,100,100,10 DC,0.141826471,8.50958826,alpha-beta
10,DC,truncated,10 DC truncated,interaction,255,10,CV,255,1,1,1.773233333,100,100,10 DC,0.110827083,6.64962498,alpha-beta
10,DC,truncated,10 DC truncated,interaction,255,10,CV,255,0,0,9.372333333,0,0,10 DC,0.09865614,5.9193684,alpha-beta
10,DC,truncated,10 DC truncated,interaction,255,10,CV,255,1,1,0.952433333,100,100,10 DC,0.158738889,9.52433334,alpha-beta
10,DC,truncated,10 DC truncated,interaction,255,10,CV,255,0,0,10.14926667,0,0,10 DC,0.202985333,12.17911998,alpha-beta
10,DC,truncated,10 DC truncated,interaction,255,10,CV,255,0,0,10.06283333,0,0,10 DC,0.245434959,14.72609754,alpha-beta
10,DC,truncated,10 DC truncated,interaction,255,10,CV,255,1,1,1.5461,100,100,10 DC,0.15461,9.2766,alpha-beta
10,DC,truncated,10 DC truncated,interaction,255,10,CV,255,1,0,3.033633333,100,0,10 DC,0.23335641,14.0013846,alpha-beta
10,DC,truncated,10 DC truncated,interaction,255,10,CV,255,0,0,4.987433333,0,0,10 DC,0.262496491,15.74978946,alpha-beta
10,DC,truncated,10 DC truncated,interaction,255,10,CV,255,0,0,1.0024,0,0,10 DC,0.043582609,2.61495654,alpha-beta
10,DC,truncated,10 DC truncated,interaction,255,10,CV,255,1,1,1.296566667,100,100,10 DC,0.117869697,7.07218182,alpha-beta
10,DC,truncated,10 DC truncated,interaction,255,10,CV,255,0,0,1.329083333,0,0,10 DC,0.332270833,19.93624998,alpha-beta
10,DC,truncated,10 DC truncated,interaction,255,10,CV,255,1,1,2.81165,100,100,10 DC,0.082695588,4.96173528,alpha-beta
10,DC,truncated,10 DC truncated,interaction,255,10,CV,255,1,1,4.610616667,100,100,10 DC,0.083829394,5.02976364,alpha-beta
10,DC,truncated,10 DC truncated,interaction,255,10,CV,255,1,0,6.379566667,100,0,10 DC,0.125089542,7.50537252,alpha-beta
10,DC,truncated,10 DC truncated,interaction,255,10,CV,255,1,1,1.177733333,100,100,10 DC,0.392577778,23.55466668,alpha-beta
10,DC,truncated,10 DC truncated,interaction,255,10,CV,255,0,0,9.778133333,0,0,10 DC,0.082865537,4.97193222,alpha-beta
10,DC,truncated,10 DC truncated,interaction,255,10,CV,255,1,1,1.550783333,100,100,10 DC,0.221540476,13.29242856,alpha-beta
10,DC,truncated,10 DC truncated,interaction,255,10,CV,255,1,1,2.969383333,100,100,10 DC,0.164965741,9.89794446,alpha-beta
10,DC,truncated,10 DC truncated,interaction,255,10,CV,255,1,1,6.22185,100,100,10 DC,0.095720769,5.74324614,alpha-beta
10,DC,truncated,10 DC truncated,interaction,255,10,CV,255,1,1,4.576366667,100,100,10 DC,0.086346541,5.18079246,alpha-beta
10,DC,truncated,10 DC truncated,interaction,255,10,CV,255,1,1,2.52595,100,100,10 DC,0.148585294,8.91511764,alpha-beta
10,DC,truncated,10 DC truncated,interaction,255,10,CV,255,1,1,1.53875,100,100,10 DC,0.096171875,5.7703125,alpha-beta
10,DC,truncated,10 DC truncated,interaction,255,10,CV,255,1,1,1.916966667,100,100,10 DC,0.119810417,7.18862502,alpha-beta
6,MC,full,6 MC full,interaction,112,6,medium,112,1,1,1.7695,100,100,6 MC,0.093131579,5.58789474,alpha-beta
6,MC,full,6 MC full,interaction,112,6,medium,112,1,1,2.879216667,100,100,6 MC,0.137105556,8.22633336,alpha-beta
6,MC,full,6 MC full,interaction,112,6,medium,112,1,0,3.027166667,100,0,6 MC,0.108113095,6.4867857,alpha-beta
6,MC,full,6 MC full,interaction,112,6,medium,112,1,1,1.814866667,100,100,6 MC,0.164987879,9.89927274,alpha-beta
6,MC,full,6 MC full,interaction,112,6,medium,112,1,1,2.275333333,100,100,6 MC,0.206848485,12.4109091,alpha-beta
6,MC,full,6 MC full,interaction,112,6,medium,112,1,1,3.957583333,100,100,6 MC,0.089945076,5.39670456,alpha-beta
6,MC,full,6 MC full,interaction,112,6,medium,112,1,1,5.135333333,100,100,6 MC,0.096893082,5.81358492,alpha-beta
6,MC,full,6 MC full,interaction,112,6,medium,112,0,0,8.000333333,0,0,6 MC,0.205136752,12.30820512,alpha-beta
6,MC,full,6 MC full,interaction,112,6,medium,112,0,0,10.06768333,0,0,6 MC,0.45762197,27.4573182,alpha-beta
6,MC,full,6 MC full,interaction,112,6,medium,112,0,0,5.757433333,0,0,6 MC,0.179919792,10.79518752,alpha-beta
6,MC,full,6 MC full,interaction,112,6,medium,112,1,0,6.163783333,100,0,6 MC,0.176108095,10.5664857,alpha-beta
6,MC,full,6 MC full,interaction,112,6,medium,112,1,1,9.076633333,100,100,6 MC,0.275049495,16.5029697,alpha-beta
6,MC,full,6 MC full,interaction,112,6,medium,112,1,1,2.371166667,100,100,6 MC,0.074098958,4.44593748,alpha-beta
6,MC,full,6 MC full,interaction,112,6,medium,112,0,0,2.535933333,0,0,6 MC,0.36227619,21.7365714,alpha-beta
6,MC,full,6 MC full,interaction,112,6,medium,112,0,0,8.58575,0,0,6 MC,0.080997642,4.85985852,alpha-beta
6,MC,full,6 MC full,interaction,112,6,medium,112,1,1,6.4552,100,100,6 MC,0.293418182,17.60509092,alpha-beta
6,MC,full,6 MC full,interaction,112,6,medium,112,1,1,4.079466667,100,100,6 MC,0.226637037,13.59822222,alpha-beta
6,MC,full,6 MC full,interaction,112,6,medium,112,0,0,9.55955,0,0,6 MC,0.144841667,8.69050002,alpha-beta
6,MC,full,6 MC full,interaction,112,6,medium,112,0,0,9.727933333,0,0,6 MC,0.167722989,10.06337934,alpha-beta
6,MC,full,6 MC full,interaction,112,6,medium,112,0,0,8.668266667,0,0,6 MC,0.057788444,3.46730664,alpha-beta
6,MC,full,6 MC full,interaction,112,6,medium,112,0,0,3.387516667,0,0,6 MC,0.069132993,4.14797958,alpha-beta
6,MC,full,6 MC full,interaction,112,6,medium,112,0,0,2.243916667,0,0,6 MC,0.093496528,5.60979168,alpha-beta
6,MC,full,6 MC full,interaction,112,6,medium,112,0,0,8.569966667,0,0,6 MC,0.140491257,8.42947542,alpha-beta
6,MC,full,6 MC full,interaction,112,6,medium,112,1,1,1.083433333,100,100,6 MC,0.083341026,5.00046156,alpha-beta
6,MC,full,6 MC full,interaction,112,6,medium,112,0,0,3.089416667,0,0,6 MC,0.088269048,5.29614288,alpha-beta
6,MC,full,6 MC full,interaction,112,6,medium,112,0,0,9.7855,0,0,6 MC,0.12231875,7.339125,alpha-beta
6,MC,full,6 MC full,interaction,112,6,medium,112,1,0,1.777333333,100,0,6 MC,0.197481481,11.84888886,alpha-beta
6,MC,full,6 MC full,interaction,112,6,medium,112,1,1,7.066733333,100,100,6 MC,0.141334667,8.48008002,alpha-beta
6,MC,full,6 MC full,interaction,112,6,medium,112,0,0,1.490216667,0,0,6 MC,0.372554167,22.35325002,alpha-beta
6,MC,full,6 MC full,interaction,112,6,medium,112,1,1,5.46165,100,100,6 MC,0.188332759,11.29996554,alpha-beta
6,MC,full,6 MC full,interaction,112,6,medium,112,1,1,4.58995,100,100,6 MC,0.117691026,7.06146156,alpha-beta
6,MC,full,6 MC full,interaction,112,6,medium,112,0,0,2.199416667,0,0,6 MC,0.439883333,26.39299998,alpha-beta
6,MC,full,6 MC full,interaction,112,6,medium,112,0,0,7.111383333,0,0,6 MC,0.323244697,19.39468182,alpha-beta
6,MC,full,6 MC full,interaction,112,6,medium,112,0,0,10.13365,0,0,6 MC,0.326891935,19.6135161,alpha-beta
6,MC,truncated,6 MC truncated,interaction,49,6,medium,49,1,1,3.692116667,100,100,6 MC,0.246141111,14.76846666,alpha-beta
6,MC,truncated,6 MC truncated,interaction,49,6,medium,49,1,1,1.957916667,100,100,6 MC,0.391583333,23.49499998,alpha-beta
6,MC,truncated,6 MC truncated,interaction,49,6,medium,49,1,1,2.745316667,100,100,6 MC,0.343164583,20.58987498,alpha-beta
6,MC,truncated,6 MC truncated,interaction,49,6,medium,49,0,0,6.207866667,0,0,6 MC,0.155196667,9.31180002,alpha-beta
6,MC,truncated,6 MC truncated,interaction,49,6,medium,49,1,1,3.563733333,100,100,6 MC,0.148488889,8.90933334,alpha-beta
6,MC,truncated,6 MC truncated,interaction,49,6,medium,49,1,1,1.405633333,100,100,6 MC,0.702816667,42.16900002,alpha-beta
6,MC,truncated,6 MC truncated,interaction,49,6,medium,49,1,0,0.880466667,100,0,6 MC,0.146744445,8.8046667,alpha-beta
6,MC,truncated,6 MC truncated,interaction,49,6,medium,49,1,0,2.797833333,100,0,6 MC,0.077717593,4.66305558,alpha-beta
6,MC,truncated,6 MC truncated,interaction,49,6,medium,49,1,1,9.91375,100,100,6 MC,0.097193627,5.83161762,alpha-beta
6,MC,truncated,6 MC truncated,interaction,49,6,medium,49,0,0,5.837416667,0,0,6 MC,0.138986111,8.33916666,alpha-beta
6,MC,truncated,6 MC truncated,interaction,49,6,medium,49,1,1,2.670933333,100,100,6 MC,0.127187302,7.63123812,alpha-beta
6,MC,truncated,6 MC truncated,interaction,49,6,medium,49,1,0,2.554766667,100,0,6 MC,0.319345833,19.16074998,alpha-beta
6,MC,truncated,6 MC truncated,interaction,49,6,medium,49,1,1,2.378966667,100,100,6 MC,0.297370833,17.84224998,alpha-beta
6,MC,truncated,6 MC truncated,interaction,49,6,medium,49,1,1,2.30055,100,100,6 MC,0.15337,9.2022,alpha-beta
6,MC,truncated,6 MC truncated,interaction,49,6,medium,49,0,0,3.663833333,0,0,6 MC,0.610638889,36.63833334,alpha-beta
6,MC,truncated,6 MC truncated,interaction,49,6,medium,49,1,0,1.420966667,100,0,6 MC,0.284193333,17.05159998,alpha-beta
6,MC,truncated,6 MC truncated,interaction,49,6,medium,49,0,0,2.803233333,0,0,6 MC,0.065191473,3.91148838,alpha-beta
6,MC,truncated,6 MC truncated,interaction,49,6,medium,49,1,1,2.0489,100,100,6 MC,0.107836842,6.47021052,alpha-beta
6,MC,truncated,6 MC truncated,interaction,49,6,medium,49,1,1,1.887133333,100,100,6 MC,0.943566667,56.61400002,alpha-beta
6,MC,truncated,6 MC truncated,interaction,49,6,medium,49,0,0,2.227983333,0,0,6 MC,0.07187043,4.3122258,alpha-beta
6,MC,truncated,6 MC truncated,interaction,49,6,medium,49,1,1,1.49095,100,100,6 MC,0.18636875,11.182125,alpha-beta
6,MC,truncated,6 MC truncated,interaction,49,6,medium,49,0,0,9.854816667,0,0,6 MC,0.28156619,16.8939714,alpha-beta
6,MC,truncated,6 MC truncated,interaction,49,6,medium,49,1,0,0.305816667,100,0,6 MC,0,0,alpha-beta
6,MC,truncated,6 MC truncated,interaction,49,6,medium,49,1,1,1.993116667,100,100,6 MC,0.153316667,9.19900002,alpha-beta
6,MC,truncated,6 MC truncated,interaction,49,6,medium,49,0,0,8.496833333,0,0,6 MC,0.283227778,16.99366668,alpha-beta
6,MC,truncated,6 MC truncated,interaction,49,6,medium,49,1,1,5.429116667,100,100,6 MC,0.164518687,9.87112122,alpha-beta
6,MC,truncated,6 MC truncated,interaction,49,6,medium,49,1,1,2.942316667,100,100,6 MC,0.226332051,13.57992306,alpha-beta
6,MC,truncated,6 MC truncated,interaction,49,6,medium,49,1,0,1.640566667,100,0,6 MC,0.546855556,32.81133336,alpha-beta
6,MC,truncated,6 MC truncated,interaction,49,6,medium,49,1,1,1.243633333,100,100,6 MC,0.082908889,4.97453334,alpha-beta
6,MC,truncated,6 MC truncated,interaction,49,6,medium,49,0,0,1.346483333,0,0,6 MC,0.673241667,40.39450002,alpha-beta
6,MC,truncated,6 MC truncated,interaction,49,6,medium,49,0,0,4.075383333,0,0,6 MC,0.185244697,11.11468182,alpha-beta
6,MC,truncated,6 MC truncated,interaction,49,6,medium,49,0,0,1.344433333,0,0,6 MC,0.224072222,13.44433332,alpha-beta
6,MC,truncated,6 MC truncated,interaction,49,6,medium,49,1,1,3.564466667,100,100,6 MC,0.187603509,11.25621054,alpha-beta
6,MC,truncated,6 MC truncated,interaction,49,6,medium,49,1,0,7.623416667,100,0,6 MC,0.17325947,10.3955682,alpha-beta
6,MC,truncated,6 MC truncated,interaction,49,6,medium,49,1,1,3.342483333,100,100,6 MC,0.111416111,6.68496666,alpha-beta
6,MC,truncated,6 MC truncated,interaction,49,6,medium,49,1,1,3.698333333,100,100,6 MC,0.176111111,10.56666666,alpha-beta
6,MC,truncated,6 MC truncated,interaction,49,6,medium,49,1,1,2.533916667,100,100,6 MC,0.072397619,4.34385714,alpha-beta
6,MC,truncated,6 MC truncated,interaction,49,6,medium,49,1,1,7.906366667,100,100,6 MC,0.12163641,7.2981846,alpha-beta
6,MC,truncated,6 MC truncated,interaction,49,6,medium,49,1,1,1.7495,100,100,6 MC,0.054671875,3.2803125,alpha-beta
6,MC,truncated,6 MC truncated,interaction,49,6,medium,49,1,1,3.978333333,100,100,6 MC,0.442037037,26.52222222,alpha-beta
6,MC,truncated,6 MC truncated,interaction,49,6,medium,49,1,1,8.25385,100,100,6 MC,0.139895763,8.39374578,alpha-beta
6,MC,truncated,6 MC truncated,interaction,49,6,medium,49,1,1,5.026916667,100,100,6 MC,0.106955674,6.41734044,alpha-beta
6,MC,truncated,6 MC truncated,interaction,49,6,medium,49,0,0,9.7203,0,0,6 MC,0.186928846,11.21573076,alpha-beta
6,HC,full,6 HC full,interaction,830,6,hard,830,0,0,10.01368333,0,0,6 HC,0.104309201,6.25855206,alpha-beta
6,HC,full,6 HC full,interaction,830,6,hard,830,1,1,1.7741,100,100,6 HC,0.104358824,6.26152944,alpha-beta
6,HC,full,6 HC full,interaction,830,6,hard,830,0,0,9.61445,0,0,6 HC,0.168674561,10.12047366,alpha-beta
6,HC,full,6 HC full,interaction,830,6,hard,830,1,1,3.18755,100,100,6 HC,0.065052041,3.90312246,alpha-beta
6,HC,full,6 HC full,interaction,830,6,hard,830,0,0,5.161133333,0,0,6 HC,0.198505128,11.91030768,alpha-beta
6,HC,full,6 HC full,interaction,830,6,hard,830,0,0,2.681383333,0,0,6 HC,0.167586458,10.05518748,alpha-beta
6,HC,full,6 HC full,interaction,830,6,hard,830,1,0,3.31055,100,0,6 HC,0.206909375,12.4145625,alpha-beta
6,HC,full,6 HC full,interaction,830,6,hard,830,1,0,4.455216667,100,0,6 HC,0.342708974,20.56253844,alpha-beta
6,HC,full,6 HC full,interaction,830,6,hard,830,0,0,3.618333333,0,0,6 HC,0.106421569,6.38529414,alpha-beta
6,HC,full,6 HC full,interaction,830,6,hard,830,0,0,0.890016667,0,0,6 HC,0.178003333,10.68019998,alpha-beta
6,HC,full,6 HC full,interaction,830,6,hard,830,0,0,3.665016667,0,0,6 HC,0.159348551,9.56091306,alpha-beta
6,HC,full,6 HC full,interaction,830,6,hard,830,0,0,10.03331667,0,0,6 HC,0.13558536,8.1351216,alpha-beta
6,HC,full,6 HC full,interaction,830,6,hard,830,0,0,9.95205,0,0,6 HC,0.105872872,6.35237232,alpha-beta
6,HC,full,6 HC full,interaction,830,6,hard,830,0,0,4.228633333,0,0,6 HC,0.076884242,4.61305452,alpha-beta
6,HC,full,6 HC full,interaction,830,6,hard,830,0,0,2.942733333,0,0,6 HC,0.32697037,19.6182222,alpha-beta
6,HC,full,6 HC full,interaction,830,6,hard,830,0,0,2.046833333,0,0,6 HC,0.068227778,4.09366668,alpha-beta
6,HC,full,6 HC full,interaction,830,6,hard,830,1,1,3.66615,100,100,6 HC,0.089418293,5.36509758,alpha-beta
6,HC,full,6 HC full,interaction,830,6,hard,830,0,0,8.212433333,0,0,6 HC,0.109499111,6.56994666,alpha-beta
6,HC,full,6 HC full,interaction,830,6,hard,830,0,0,5.902316667,0,0,6 HC,0.155324123,9.31944738,alpha-beta
6,HC,full,6 HC full,interaction,830,6,hard,830,1,0,2.078683333,100,0,6 HC,0.230964815,13.8578889,alpha-beta
6,HC,full,6 HC full,interaction,830,6,hard,830,0,0,1.39695,0,0,6 HC,0.1164125,6.98475,alpha-beta
6,HC,full,6 HC full,interaction,830,6,hard,830,0,0,4.7544,0,0,6 HC,0.163944828,9.83668968,alpha-beta
6,HC,full,6 HC full,interaction,830,6,hard,830,0,0,4.019233333,0,0,6 HC,0.071772024,4.30632144,alpha-beta
6,HC,full,6 HC full,interaction,830,6,hard,830,0,0,1.834583333,0,0,6 HC,0.073383333,4.40299998,alpha-beta
6,HC,full,6 HC full,interaction,830,6,hard,830,1,0,6.905616667,100,0,6 HC,0.25576358,15.3458148,alpha-beta
6,HC,full,6 HC full,interaction,830,6,hard,830,0,0,3.377516667,0,0,6 HC,0.211094792,12.66568752,alpha-beta
6,HC,full,6 HC full,interaction,830,6,hard,830,1,0,3.37335,100,0,6 HC,0.08433375,5.060025,alpha-beta
6,HC,full,6 HC full,interaction,830,6,hard,830,0,0,1.751633333,0,0,6 HC,0.145969444,8.75816664,alpha-beta
6,HC,full,6 HC full,interaction,830,6,hard,830,0,0,9.737716667,0,0,6 HC,0.177049394,10.62296364,alpha-beta
6,HC,full,6 HC full,interaction,830,6,hard,830,0,0,1.823266667,0,0,6 HC,0.121551111,7.29306666,alpha-beta
6,HC,full,6 HC full,interaction,830,6,hard,830,0,0,9.58165,0,0,6 HC,0.177437963,10.64627778,alpha-beta
6,HC,full,6 HC full,interaction,830,6,hard,830,0,0,1.92585,0,0,6 HC,0.087538636,5.25231816,alpha-beta
6,HC,full,6 HC full,interaction,830,6,hard,830,0,0,8.797733333,0,0,6 HC,0.144225137,8.65350822,alpha-beta
6,HC,full,6 HC full,interaction,830,6,hard,830,0,0,1.512833333,0,0,6 HC,0.108059524,6.48357144,alpha-beta
6,HC,full,6 HC full,interaction,830,6,hard,830,1,0,6.97065,100,0,6 HC,0.16210814,9.7264884,alpha-beta
6,HC,full,6 HC full,interaction,830,6,hard,830,1,1,6.152116667,100,100,6 HC,0.128169097,7.69014582,alpha-beta
6,HC,full,6 HC full,interaction,830,6,hard,830,0,0,9.257933333,0,0,6 HC,0.136146078,8.16876468,alpha-beta
6,HC,full,6 HC full,interaction,830,6,hard,830,0,0,1.042783333,0,0,6 HC,0.074484524,4.46907144,alpha-beta
6,HC,full,6 HC full,interaction,830,6,hard,830,1,1,3.16295,100,100,6 HC,0.1129625,6.77775,alpha-beta
6,HC,full,6 HC full,interaction,830,6,hard,830,1,1,6.135516667,100,100,6 HC,0.088920531,5.33523186,alpha-beta
6,HC,full,6 HC full,interaction,830,6,hard,830,1,0,2.516566667,100,0,6 HC,0.071901905,4.3141143,alpha-beta
6,HC,truncated,6 HC truncated,interaction,296,6,hard,296,0,0,0.82055,0,0,6 HC,0.048267647,2.89605882,alpha-beta
6,HC,truncated,6 HC truncated,interaction,296,6,hard,296,0,0,2.528833333,0,0,6 HC,0.280981481,16.85888886,alpha-beta
6,HC,truncated,6 HC truncated,interaction,296,6,hard,296,0,0,9.1994,0,0,6 HC,0.278769697,16.72618182,alpha-beta
6,HC,truncated,6 HC truncated,interaction,296,6,hard,296,0,0,1.037733333,0,0,6 HC,0.518866667,31.13200002,alpha-beta
6,HC,truncated,6 HC truncated,interaction,296,6,hard,296,1,0,2.642933333,100,0,6 HC,0.139101754,8.34610524,alpha-beta
6,HC,truncated,6 HC truncated,interaction,296,6,hard,296,0,0,4.274383333,0,0,6 HC,0.104253252,6.25519512,alpha-beta
6,HC,truncated,6 HC truncated,interaction,296,6,hard,296,0,0,3.336416667,0,0,6 HC,0.081376016,4.88256096,alpha-beta
6,HC,truncated,6 HC truncated,interaction,296,6,hard,296,0,0,2.963433333,0,0,6 HC,0.22795641,13.6773846,alpha-beta
6,HC,truncated,6 HC truncated,interaction,296,6,hard,296,0,0,1.7887,0,0,6 HC,0.2235875,13.41525,alpha-beta
6,HC,truncated,6 HC truncated,interaction,296,6,hard,296,0,0,6.090766667,0,0,6 HC,0.096678836,5.80073016,alpha-beta
6,HC,truncated,6 HC truncated,interaction,296,6,hard,296,0,0,3.475816667,0,0,6 HC,0.102229902,6.13379412,alpha-beta
6,HC,truncated,6 HC truncated,interaction,296,6,hard,296,1,1,1.346566667,100,100,6 HC,0.122415152,7.34490912,alpha-beta
6,HC,truncated,6 HC truncated,interaction,296,6,hard,296,0,0,0.4724,0,0,6 HC,0,0,alpha-beta
6,HC,truncated,6 HC truncated,interaction,296,6,hard,296,0,0,1.6189,0,0,6 HC,0.2023625,12.14175,alpha-beta
6,HC,truncated,6 HC truncated,interaction,296,6,hard,296,0,0,7.1495,0,0,6 HC,0.230629032,13.83774192,alpha-beta
6,HC,truncated,6 HC truncated,interaction,296,6,hard,296,0,0,4.812,0,0,6 HC,0.267333333,16.03999998,alpha-beta
6,HC,truncated,6 HC truncated,interaction,296,6,hard,296,1,1,3.126616667,100,100,6 HC,0.173700926,10.42205556,alpha-beta
6,HC,truncated,6 HC truncated,interaction,296,6,hard,296,0,0,2.569866667,0,0,6 HC,0.098841026,5.93046156,alpha-beta
6,HC,truncated,6 HC truncated,interaction,296,6,hard,296,0,0,1.212966667,0,0,6 HC,0.063840351,3.83042106,alpha-beta
6,HC,truncated,6 HC truncated,interaction,296,6,hard,296,0,0,6.18235,0,0,6 HC,0.087075352,5.22452112,alpha-beta
6,HC,truncated,6 HC truncated,interaction,296,6,hard,296,0,0,3.772816667,0,0,6 HC,0.087739922,5.26439532,alpha-beta
6,HC,truncated,6 HC truncated,interaction,296,6,hard,296,1,1,6.8294,100,100,6 HC,0.067617822,4.05706932,alpha-beta
6,HC,truncated,6 HC truncated,interaction,296,6,hard,296,0,0,4.2958,0,0,6 HC,0.171832,10.30992,alpha-beta
6,HC,truncated,6 HC truncated,interaction,296,6,hard,296,1,1,0.68805,100,100,6 HC,0.1720125,10.32075,alpha-beta
6,HC,truncated,6 HC truncated,interaction,296,6,hard,296,1,1,0.779233333,100,100,6 HC,0.048702083,2.92212498,alpha-beta
6,HC,truncated,6 HC truncated,interaction,296,6,hard,296,0,0,1.205816667,0,0,6 HC,0.200969445,12.0581667,alpha-beta
6,HC,truncated,6 HC truncated,interaction,296,6,hard,296,0,0,4.958083333,0,0,6 HC,0.120928862,7.25573172,alpha-beta
6,HC,truncated,6 HC truncated,interaction,296,6,hard,296,1,1,1.658733333,100,100,6 HC,0.829366667,49.76200002,alpha-beta
6,HC,truncated,6 HC truncated,interaction,296,6,hard,296,0,0,1.8633,0,0,6 HC,0.18633,11.1798,alpha-beta
6,HC,truncated,6 HC truncated,interaction,296,6,hard,296,0,0,2.444016667,0,0,6 HC,0.152751042,9.16506252,alpha-beta
6,HC,truncated,6 HC truncated,interaction,296,6,hard,296,0,0,1.232166667,0,0,6 HC,0.154020833,9.24124998,alpha-beta
6,HC,truncated,6 HC truncated,interaction,296,6,hard,296,0,0,4.846816667,0,0,6 HC,0.161560556,9.69363336,alpha-beta
6,HC,truncated,6 HC truncated,interaction,296,6,hard,296,1,0,6.531066667,100,0,6 HC,0.138958865,8.3375319,alpha-beta
6,HC,truncated,6 HC truncated,interaction,296,6,hard,296,0,0,1.412866667,0,0,6 HC,0.176608333,10.59649998,alpha-beta
