run,chosen_moves,num_nodes_rollouts,board,num_nodes,correct
0,55,40,10_easy_full,35,0
1,50,38,10_easy_full,37,1
2,50,39,10_easy_full,39,1
3,50,49,10_easy_full,35,1
4,66,26,10_easy_full,36,0
5,50,36,10_easy_full,39,1
6,50,43,10_easy_full,35,1
7,50,43,10_easy_full,39,1
8,66,48,10_easy_full,35,0
9,66,21,10_easy_full,36,0
10,50,38,10_easy_full,39,1
11,50,36,10_easy_full,37,1
12,50,40,10_easy_full,36,1
13,66,41,10_easy_full,36,0
14,50,42,10_easy_full,36,1
15,50,38,10_easy_full,37,1
16,50,37,10_easy_full,39,1
17,66,40,10_easy_full,36,0
18,55,30,10_easy_full,37,0
19,66,21,10_easy_full,36,0
20,66,22,10_easy_full,36,0
21,66,25,10_easy_full,36,0
22,50,39,10_easy_full,36,1
23,55,36,10_easy_full,37,0
24,66,22,10_easy_full,36,0
25,66,22,10_easy_full,36,0
26,55,50,10_easy_full,35,0
27,66,21,10_easy_full,36,0
28,66,21,10_easy_full,36,0
29,55,30,10_easy_full,37,0
30,66,33,10_easy_full,38,0
31,66,42,10_easy_full,35,0
32,50,36,10_easy_full,37,1
33,66,21,10_easy_full,36,0
34,55,38,10_easy_full,36,0
35,55,56,10_easy_full,38,0
36,50,38,10_easy_full,39,1
37,50,44,10_easy_full,36,1
38,50,41,10_easy_full,36,1
39,50,39,10_easy_full,36,1
40,66,22,10_easy_full,36,0
41,66,21,10_easy_full,36,0
42,50,43,10_easy_full,38,1
43,50,44,10_easy_full,37,1
44,55,31,10_easy_full,37,0
45,55,21,10_easy_full,36,0
46,50,42,10_easy_full,35,1
47,66,45,10_easy_full,36,0
48,66,26,10_easy_full,36,0
49,50,37,10_easy_full,36,1
50,66,21,10_easy_full,36,0
51,66,40,10_easy_full,36,0
52,66,43,10_easy_full,36,0
53,55,43,10_easy_full,36,0
54,50,42,10_easy_full,36,1
55,66,24,10_easy_full,36,0
56,50,41,10_easy_full,37,1
57,55,32,10_easy_full,37,0
58,55,37,10_easy_full,36,0
59,66,43,10_easy_full,35,0
60,55,22,10_easy_full,36,0
61,66,22,10_easy_full,36,0
62,55,42,10_easy_full,36,0
63,55,33,10_easy_full,37,0
64,50,40,10_easy_full,36,1
65,66,22,10_easy_full,36,0
66,66,41,10_easy_full,35,0
67,50,39,10_easy_full,36,1
68,66,22,10_easy_full,36,0
69,50,42,10_easy_full,35,1
70,66,21,10_easy_full,36,0
71,50,55,10_easy_full,37,1
72,50,47,10_easy_full,35,1
73,66,21,10_easy_full,36,0
74,55,49,10_easy_full,35,0
75,50,39,10_easy_full,39,1
76,66,22,10_easy_full,36,0
77,50,41,10_easy_full,39,1
78,50,40,10_easy_full,36,1
79,66,22,10_easy_full,36,0
80,55,22,10_easy_full,36,0
81,55,36,10_easy_full,36,0
82,50,39,10_easy_full,37,1
83,66,21,10_easy_full,36,0
84,50,36,10_easy_full,39,1
85,55,22,10_easy_full,36,0
86,55,37,10_easy_full,36,0
87,66,55,10_easy_full,35,0
88,50,35,10_easy_full,39,1
89,66,21,10_easy_full,36,0
90,66,22,10_easy_full,36,0
91,50,37,10_easy_full,37,1
92,50,47,10_easy_full,35,1
93,55,34,10_easy_full,37,0
94,55,42,10_easy_full,36,0
95,66,40,10_easy_full,36,0
96,50,38,10_easy_full,36,1
97,55,34,10_easy_full,37,0
98,50,40,10_easy_full,37,1
99,50,34,10_easy_full,37,1
100,66,21,10_easy_full,36,0
101,55,43,10_easy_full,36,0
102,66,43,10_easy_full,36,0
103,50,42,10_easy_full,39,1
104,50,37,10_easy_full,39,1
105,50,37,10_easy_full,39,1
106,50,41,10_easy_full,37,1
107,50,52,10_easy_full,38,1
108,66,42,10_easy_full,36,0
109,55,32,10_easy_full,37,0
110,50,37,10_easy_full,39,1
111,66,22,10_easy_full,36,0
112,55,22,10_easy_full,36,0
113,55,50,10_easy_full,35,0
114,55,30,10_easy_full,37,0
115,66,44,10_easy_full,35,0
116,55,43,10_easy_full,36,0
117,50,41,10_easy_full,36,1
118,50,36,10_easy_full,39,1
119,66,24,10_easy_full,36,0
120,55,33,10_easy_full,37,0
121,66,22,10_easy_full,36,0
122,55,32,10_easy_full,37,0
123,50,44,10_easy_full,35,1
124,66,25,10_easy_full,36,0
125,66,22,10_easy_full,36,0
126,55,39,10_easy_full,36,0
127,55,55,10_easy_full,37,0
128,55,22,10_easy_full,36,0
129,66,22,10_easy_full,36,0
130,50,38,10_easy_full,39,1
131,50,39,10_easy_full,39,1
132,50,38,10_easy_full,36,1
133,50,44,10_easy_full,35,1
134,50,41,10_easy_full,36,1
135,66,22,10_easy_full,36,0
136,66,22,10_easy_full,36,0
137,55,22,10_easy_full,36,0
138,55,39,10_easy_full,36,0
139,50,44,10_easy_full,35,1
140,50,37,10_easy_full,39,1
141,66,22,10_easy_full,36,0
142,50,38,10_easy_full,36,1
143,66,40,10_easy_full,36,0
144,66,23,10_easy_full,36,0
145,55,39,10_easy_full,36,0
146,50,38,10_easy_full,36,1
147,66,22,10_easy_full,36,0
148,55,36,10_easy_full,37,0
149,55,34,10_easy_full,37,0
150,50,37,10_easy_full,39,1
151,50,36,10_easy_full,39,1
152,66,25,10_easy_full,36,0
153,50,41,10_easy_full,35,1
154,50,38,10_easy_full,37,1
155,66,43,10_easy_full,36,0
156,50,37,10_easy_full,37,1
157,55,22,10_easy_full,36,0
158,50,40,10_easy_full,36,1
159,66,40,10_easy_full,36,0
160,50,53,10_easy_full,36,1
161,50,44,10_easy_full,35,1
162,55,22,10_easy_full,36,0
163,66,42,10_easy_full,36,0
164,66,25,10_easy_full,36,0
165,66,25,10_easy_full,36,0
166,66,21,10_easy_full,36,0
167,66,25,10_easy_full,36,0
168,50,41,10_easy_full,39,1
169,50,38,10_easy_full,39,1
170,66,22,10_easy_full,36,0
171,50,37,10_easy_full,37,1
172,50,37,10_easy_full,39,1
173,55,30,10_easy_full,37,0
174,50,36,10_easy_full,39,1
175,50,44,10_easy_full,36,1
176,55,31,10_easy_full,37,0
177,66,40,10_easy_full,36,0
178,50,38,10_easy_full,36,1
179,50,43,10_easy_full,36,1
180,50,39,10_easy_full,35,1
181,50,36,10_easy_full,37,1
182,66,22,10_easy_full,36,0
183,66,40,10_easy_full,36,0
184,50,37,10_easy_full,39,1
185,50,37,10_easy_full,37,1
186,50,36,10_easy_full,37,1
187,66,22,10_easy_full,36,0
188,55,23,10_easy_full,36,0
189,55,35,10_easy_full,38,0
190,55,38,10_easy_full,36,0
191,55,21,10_easy_full,36,0
192,50,36,10_easy_full,39,1
193,50,37,10_easy_full,39,1
194,66,21,10_easy_full,36,0
195,66,21,10_easy_full,36,0
196,50,51,10_easy_full,35,1
197,50,62,10_easy_full,35,1
198,50,36,10_easy_full,39,1
199,66,22,10_easy_full,36,0
0,55,26,10_easy_pruned,37,0
1,20,24,10_easy_pruned,36,1
2,66,23,10_easy_pruned,36,0
3,20,20,10_easy_pruned,38,1
4,20,20,10_easy_pruned,38,1
5,20,21,10_easy_pruned,38,1
6,20,21,10_easy_pruned,38,1
7,66,33,10_easy_pruned,35,0
8,20,32,10_easy_pruned,36,1
9,66,23,10_easy_pruned,36,0
10,55,39,10_easy_pruned,36,0
11,66,22,10_easy_pruned,36,0
12,20,37,10_easy_pruned,38,1
13,66,22,10_easy_pruned,36,0
14,20,20,10_easy_pruned,38,1
15,55,34,10_easy_pruned,35,0
16,20,39,10_easy_pruned,37,1
17,66,21,10_easy_pruned,36,0
18,20,24,10_easy_pruned,36,1
19,55,37,10_easy_pruned,36,0
20,55,29,10_easy_pruned,36,0
21,20,31,10_easy_pruned,35,1
22,55,19,10_easy_pruned,36,0
23,55,28,10_easy_pruned,36,0
24,66,21,10_easy_pruned,36,0
25,55,26,10_easy_pruned,37,0
26,20,25,10_easy_pruned,35,1
27,20,42,10_easy_pruned,36,1
28,20,31,10_easy_pruned,36,1
29,55,33,10_easy_pruned,35,0
30,55,33,10_easy_pruned,35,0
31,66,20,10_easy_pruned,36,0
32,66,23,10_easy_pruned,36,0
33,55,30,10_easy_pruned,38,0
34,55,19,10_easy_pruned,36,0
35,66,21,10_easy_pruned,36,0
36,66,20,10_easy_pruned,36,0
37,20,20,10_easy_pruned,38,1
38,66,39,10_easy_pruned,36,0
39,55,31,10_easy_pruned,38,0
40,55,28,10_easy_pruned,36,0
41,20,32,10_easy_pruned,35,1
42,20,33,10_easy_pruned,35,1
43,66,31,10_easy_pruned,36,0
44,20,20,10_easy_pruned,38,1
45,20,20,10_easy_pruned,38,1
46,55,26,10_easy_pruned,37,0
47,20,20,10_easy_pruned,38,1
48,20,21,10_easy_pruned,38,1
49,20,31,10_easy_pruned,36,1
50,55,18,10_easy_pruned,36,0
51,66,21,10_easy_pruned,36,0
52,20,20,10_easy_pruned,38,1
53,55,39,10_easy_pruned,37,0
54,55,19,10_easy_pruned,36,0
55,20,25,10_easy_pruned,36,1
56,20,22,10_easy_pruned,38,1
57,55,27,10_easy_pruned,37,0
58,20,25,10_easy_pruned,35,1
59,66,20,10_easy_pruned,36,0
60,20,20,10_easy_pruned,38,1
61,66,22,10_easy_pruned,36,0
62,66,38,10_easy_pruned,36,0
63,20,25,10_easy_pruned,35,1
64,20,23,10_easy_pruned,36,1
65,66,21,10_easy_pruned,36,0
66,66,32,10_easy_pruned,36,0
67,20,20,10_easy_pruned,38,1
68,66,21,10_easy_pruned,36,0
69,20,40,10_easy_pruned,36,1
70,55,20,10_easy_pruned,36,0
71,66,21,10_easy_pruned,36,0
72,66,21,10_easy_pruned,36,0
73,20,24,10_easy_pruned,36,1
74,66,20,10_easy_pruned,36,0
75,66,20,10_easy_pruned,36,0
76,20,23,10_easy_pruned,38,1
77,20,33,10_easy_pruned,35,1
78,66,34,10_easy_pruned,35,0
79,20,34,10_easy_pruned,35,1
80,20,21,10_easy_pruned,38,1
81,66,21,10_easy_pruned,36,0
82,20,38,10_easy_pruned,37,1
83,66,20,10_easy_pruned,36,0
84,66,32,10_easy_pruned,36,0
85,20,24,10_easy_pruned,36,1
86,20,23,10_easy_pruned,36,1
87,55,31,10_easy_pruned,35,0
88,55,35,10_easy_pruned,38,0
89,66,35,10_easy_pruned,36,0
90,66,32,10_easy_pruned,36,0
91,20,20,10_easy_pruned,38,1
92,55,36,10_easy_pruned,36,0
93,20,20,10_easy_pruned,38,1
94,66,32,10_easy_pruned,36,0
95,66,21,10_easy_pruned,36,0
96,66,20,10_easy_pruned,36,0
97,20,21,10_easy_pruned,38,1
98,20,25,10_easy_pruned,35,1
99,66,22,10_easy_pruned,36,0
100,66,21,10_easy_pruned,36,0
101,66,23,10_easy_pruned,36,0
102,66,21,10_easy_pruned,36,0
103,66,34,10_easy_pruned,35,0
104,66,21,10_easy_pruned,36,0
105,66,31,10_easy_pruned,36,0
106,20,33,10_easy_pruned,35,1
107,20,24,10_easy_pruned,36,1
108,55,37,10_easy_pruned,36,0
109,20,36,10_easy_pruned,38,1
110,66,21,10_easy_pruned,36,0
111,20,22,10_easy_pruned,38,1
112,55,30,10_easy_pruned,36,0
113,20,21,10_easy_pruned,38,1
114,20,31,10_easy_pruned,36,1
115,20,20,10_easy_pruned,38,1
116,66,21,10_easy_pruned,36,0
117,66,20,10_easy_pruned,36,0
118,66,20,10_easy_pruned,36,0
119,55,19,10_easy_pruned,36,0
120,55,30,10_easy_pruned,36,0
121,20,35,10_easy_pruned,36,1
122,20,20,10_easy_pruned,38,1
123,66,21,10_easy_pruned,36,0
124,20,21,10_easy_pruned,38,1
125,55,29,10_easy_pruned,36,0
126,66,20,10_easy_pruned,36,0
127,66,21,10_easy_pruned,36,0
128,20,26,10_easy_pruned,35,1
129,20,25,10_easy_pruned,35,1
130,20,31,10_easy_pruned,36,1
131,20,22,10_easy_pruned,38,1
132,20,25,10_easy_pruned,35,1
133,66,31,10_easy_pruned,36,0
134,66,33,10_easy_pruned,36,0
135,20,20,10_easy_pruned,38,1
136,20,31,10_easy_pruned,36,1
137,20,32,10_easy_pruned,36,1
138,55,28,10_easy_pruned,36,0
139,20,20,10_easy_pruned,38,1
140,55,41,10_easy_pruned,37,0
141,20,20,10_easy_pruned,38,1
142,66,31,10_easy_pruned,36,0
143,66,22,10_easy_pruned,36,0
144,55,28,10_easy_pruned,36,0
145,66,21,10_easy_pruned,36,0
146,20,24,10_easy_pruned,36,1
147,20,21,10_easy_pruned,38,1
148,20,24,10_easy_pruned,36,1
149,20,22,10_easy_pruned,38,1
150,66,21,10_easy_pruned,36,0
151,55,38,10_easy_pruned,37,0
152,66,31,10_easy_pruned,36,0
153,20,20,10_easy_pruned,38,1
154,66,21,10_easy_pruned,36,0
155,66,21,10_easy_pruned,36,0
156,55,20,10_easy_pruned,36,0
157,66,21,10_easy_pruned,36,0
158,55,36,10_easy_pruned,36,0
159,55,31,10_easy_pruned,36,0
160,55,42,10_easy_pruned,36,0
161,20,42,10_easy_pruned,36,1
162,55,36,10_easy_pruned,36,0
163,55,18,10_easy_pruned,36,0
164,66,20,10_easy_pruned,36,0
165,66,21,10_easy_pruned,36,0
166,66,21,10_easy_pruned,36,0
167,66,21,10_easy_pruned,36,0
168,20,21,10_easy_pruned,38,1
169,66,33,10_easy_pruned,36,0
170,20,24,10_easy_pruned,36,1
171,66,22,10_easy_pruned,36,0
172,20,20,10_easy_pruned,38,1
173,20,24,10_easy_pruned,36,1
174,55,20,10_easy_pruned,36,0
175,20,33,10_easy_pruned,36,1
176,20,25,10_easy_pruned,35,1
177,20,24,10_easy_pruned,36,1
178,20,20,10_easy_pruned,38,1
179,20,20,10_easy_pruned,38,1
180,55,33,10_easy_pruned,35,0
181,55,21,10_easy_pruned,36,0
182,66,22,10_easy_pruned,36,0
183,20,43,10_easy_pruned,35,1
184,20,20,10_easy_pruned,38,1
185,66,23,10_easy_pruned,36,0
186,55,31,10_easy_pruned,36,0
187,66,21,10_easy_pruned,36,0
188,66,20,10_easy_pruned,36,0
189,20,20,10_easy_pruned,38,1
190,66,22,10_easy_pruned,36,0
191,20,20,10_easy_pruned,38,1
192,66,20,10_easy_pruned,36,0
193,55,25,10_easy_pruned,37,0
194,20,20,10_easy_pruned,38,1
195,55,26,10_easy_pruned,37,0
196,55,30,10_easy_pruned,36,0
197,20,25,10_easy_pruned,35,1
198,66,23,10_easy_pruned,36,0
199,66,21,10_easy_pruned,36,0
0,44,26,10_hard_full,36,0
1,25,41,10_hard_full,37,1
2,44,54,10_hard_full,38,0
3,44,37,10_hard_full,37,0
4,44,41,10_hard_full,37,0
5,25,62,10_hard_full,35,1
6,45,62,10_hard_full,38,0
7,45,68,10_hard_full,36,0
8,45,36,10_hard_full,37,0
9,45,58,10_hard_full,35,0
10,45,68,10_hard_full,36,0
11,45,66,10_hard_full,39,0
12,45,40,10_hard_full,36,0
13,44,63,10_hard_full,38,0
14,45,43,10_hard_full,36,0
15,45,43,10_hard_full,39,0
16,25,51,10_hard_full,36,1
17,45,38,10_hard_full,37,0
18,25,65,10_hard_full,36,1
19,25,58,10_hard_full,39,1
20,45,58,10_hard_full,35,0
21,25,52,10_hard_full,36,1
22,25,55,10_hard_full,36,1
23,44,68,10_hard_full,35,0
24,44,44,10_hard_full,36,0
25,45,30,10_hard_full,36,0
26,45,54,10_hard_full,37,0
27,45,37,10_hard_full,37,0
28,45,29,10_hard_full,36,0
29,25,52,10_hard_full,35,1
30,25,57,10_hard_full,39,1
31,44,33,10_hard_full,36,0
32,44,38,10_hard_full,36,0
33,25,68,10_hard_full,39,1
34,45,43,10_hard_full,36,0
35,25,63,10_hard_full,38,1
36,25,53,10_hard_full,39,1
37,45,69,10_hard_full,35,0
38,45,40,10_hard_full,37,0
39,25,55,10_hard_full,37,1
40,44,42,10_hard_full,37,0
41,25,61,10_hard_full,36,1
42,25,63,10_hard_full,38,1
43,45,30,10_hard_full,36,0
44,44,43,10_hard_full,36,0
45,44,45,10_hard_full,37,0
46,25,54,10_hard_full,36,1
47,45,55,10_hard_full,35,0
48,45,39,10_hard_full,39,0
49,25,44,10_hard_full,37,1
50,44,43,10_hard_full,37,0
51,44,44,10_hard_full,36,0
52,44,44,10_hard_full,36,0
53,44,36,10_hard_full,37,0
54,45,44,10_hard_full,37,0
55,44,30,10_hard_full,36,0
56,45,62,10_hard_full,38,0
57,45,34,10_hard_full,37,0
58,44,38,10_hard_full,37,0
59,45,26,10_hard_full,36,0
60,44,48,10_hard_full,39,0
61,44,30,10_hard_full,36,0
62,25,46,10_hard_full,37,1
63,44,66,10_hard_full,35,0
64,25,54,10_hard_full,35,1
65,45,62,10_hard_full,39,0
66,25,54,10_hard_full,37,1
67,45,24,10_hard_full,36,0
68,44,27,10_hard_full,36,0
69,45,46,10_hard_full,36,0
70,44,65,10_hard_full,36,0
71,45,25,10_hard_full,36,0
72,44,66,10_hard_full,38,0
73,45,60,10_hard_full,36,0
74,44,59,10_hard_full,35,0
75,44,46,10_hard_full,37,0
76,44,40,10_hard_full,37,0
77,45,43,10_hard_full,37,0
78,45,42,10_hard_full,36,0
79,44,26,10_hard_full,36,0
80,25,60,10_hard_full,38,1
81,45,26,10_hard_full,36,0
82,45,26,10_hard_full,36,0
83,44,50,10_hard_full,36,0
84,45,42,10_hard_full,36,0
85,45,44,10_hard_full,37,0
86,45,57,10_hard_full,36,0
87,45,78,10_hard_full,38,0
88,25,54,10_hard_full,36,1
89,25,60,10_hard_full,37,1
90,45,69,10_hard_full,35,0
91,25,78,10_hard_full,36,1
92,25,63,10_hard_full,38,1
93,45,60,10_hard_full,36,0
94,45,45,10_hard_full,37,0
95,44,43,10_hard_full,36,0
96,25,64,10_hard_full,38,1
97,45,63,10_hard_full,36,0
98,25,50,10_hard_full,36,1
99,45,63,10_hard_full,38,0
100,25,58,10_hard_full,38,1
101,44,39,10_hard_full,39,0
102,44,50,10_hard_full,37,0
103,25,47,10_hard_full,37,1
104,44,41,10_hard_full,36,0
105,45,35,10_hard_full,37,0
106,44,43,10_hard_full,36,0
107,45,51,10_hard_full,35,0
108,44,47,10_hard_full,37,0
109,44,27,10_hard_full,36,0
110,44,28,10_hard_full,36,0
111,44,23,10_hard_full,36,0
112,45,63,10_hard_full,38,0
113,25,58,10_hard_full,37,1
114,44,71,10_hard_full,36,0
115,44,44,10_hard_full,37,0
116,44,37,10_hard_full,36,0
117,25,56,10_hard_full,36,1
118,44,38,10_hard_full,37,0
119,45,51,10_hard_full,35,0
120,25,73,10_hard_full,38,1
121,44,40,10_hard_full,37,0
122,25,52,10_hard_full,35,1
123,25,58,10_hard_full,35,1
124,45,32,10_hard_full,36,0
125,45,55,10_hard_full,36,0
126,45,54,10_hard_full,35,0
127,44,37,10_hard_full,37,0
128,44,55,10_hard_full,35,0
129,45,36,10_hard_full,37,0
130,25,64,10_hard_full,35,1
131,45,46,10_hard_full,37,0
132,45,32,10_hard_full,36,0
133,44,52,10_hard_full,36,0
134,44,62,10_hard_full,38,0
135,44,26,10_hard_full,36,0
136,25,41,10_hard_full,37,1
137,45,64,10_hard_full,38,0
138,45,27,10_hard_full,36,0
139,44,37,10_hard_full,37,0
140,44,24,10_hard_full,36,0
141,44,45,10_hard_full,37,0
142,45,56,10_hard_full,37,0
143,45,55,10_hard_full,36,0
144,45,60,10_hard_full,38,0
145,25,54,10_hard_full,36,1
146,45,58,10_hard_full,35,0
147,44,26,10_hard_full,36,0
148,25,51,10_hard_full,37,1
149,25,59,10_hard_full,35,1
150,45,26,10_hard_full,36,0
151,25,69,10_hard_full,36,1
152,44,46,10_hard_full,36,0
153,25,54,10_hard_full,37,1
154,45,36,10_hard_full,37,0
155,45,42,10_hard_full,36,0
156,44,26,10_hard_full,36,0
157,44,26,10_hard_full,36,0
158,25,61,10_hard_full,39,1
159,45,39,10_hard_full,36,0
160,25,48,10_hard_full,37,1
161,25,52,10_hard_full,37,1
162,45,36,10_hard_full,37,0
163,44,44,10_hard_full,36,0
164,44,32,10_hard_full,36,0
165,25,62,10_hard_full,38,1
166,45,42,10_hard_full,36,0
167,44,26,10_hard_full,36,0
168,44,45,10_hard_full,37,0
169,44,39,10_hard_full,37,0
170,45,49,10_hard_full,37,0
171,45,52,10_hard_full,35,0
172,44,65,10_hard_full,36,0
173,45,36,10_hard_full,37,0
174,44,42,10_hard_full,36,0
175,44,50,10_hard_full,36,0
176,45,27,10_hard_full,36,0
177,45,43,10_hard_full,37,0
178,45,42,10_hard_full,36,0
179,44,52,10_hard_full,35,0
180,25,62,10_hard_full,38,1
181,44,35,10_hard_full,37,0
182,45,45,10_hard_full,36,0
183,25,68,10_hard_full,38,1
184,44,36,10_hard_full,37,0
185,25,53,10_hard_full,36,1
186,45,70,10_hard_full,35,0
187,44,38,10_hard_full,36,0
188,25,69,10_hard_full,35,1
189,45,35,10_hard_full,37,0
190,25,61,10_hard_full,38,1
191,45,59,10_hard_full,35,0
192,25,64,10_hard_full,38,1
193,44,39,10_hard_full,39,0
194,44,55,10_hard_full,35,0
195,44,30,10_hard_full,36,0
196,45,45,10_hard_full,37,0
197,44,61,10_hard_full,35,0
198,45,56,10_hard_full,35,0
199,45,28,10_hard_full,36,0
0,45,38,10_hard_pruned,36,0
1,36,65,10_hard_pruned,36,0
2,45,51,10_hard_pruned,38,0
3,45,63,10_hard_pruned,36,0
4,36,47,10_hard_pruned,39,0
5,36,46,10_hard_pruned,39,0
6,36,50,10_hard_pruned,38,0
7,36,51,10_hard_pruned,38,0
8,45,44,10_hard_pruned,36,0
9,45,54,10_hard_pruned,38,0
10,45,40,10_hard_pruned,36,0
11,24,37,10_hard_pruned,39,1
12,36,56,10_hard_pruned,35,0
13,36,50,10_hard_pruned,35,0
14,45,39,10_hard_pruned,37,0
15,45,34,10_hard_pruned,37,0
16,24,44,10_hard_pruned,36,1
17,45,40,10_hard_pruned,37,0
18,24,40,10_hard_pruned,37,1
19,36,55,10_hard_pruned,36,0
20,36,60,10_hard_pruned,35,0
21,24,68,10_hard_pruned,36,1
22,45,42,10_hard_pruned,36,0
23,24,32,10_hard_pruned,35,1
24,36,56,10_hard_pruned,36,0
25,45,40,10_hard_pruned,36,0
26,24,40,10_hard_pruned,39,1
27,36,63,10_hard_pruned,36,0
28,45,40,10_hard_pruned,36,0
29,45,30,10_hard_pruned,36,0
30,36,52,10_hard_pruned,37,0
31,36,28,10_hard_pruned,36,0
32,45,34,10_hard_pruned,37,0
33,36,56,10_hard_pruned,36,0
34,45,24,10_hard_pruned,36,0
35,45,51,10_hard_pruned,38,0
36,24,39,10_hard_pruned,35,1
37,45,31,10_hard_pruned,36,0
38,24,40,10_hard_pruned,37,1
39,45,44,10_hard_pruned,36,0
40,45,55,10_hard_pruned,35,0
41,36,46,10_hard_pruned,39,0
42,45,39,10_hard_pruned,37,0
43,45,39,10_hard_pruned,37,0
44,36,44,10_hard_pruned,40,0
45,24,36,10_hard_pruned,39,1
46,45,57,10_hard_pruned,39,0
47,45,44,10_hard_pruned,36,0
48,24,38,10_hard_pruned,36,1
49,24,65,10_hard_pruned,36,1
50,45,27,10_hard_pruned,36,0
51,45,38,10_hard_pruned,37,0
52,45,40,10_hard_pruned,36,0
53,45,60,10_hard_pruned,36,0
54,45,39,10_hard_pruned,36,0
55,36,44,10_hard_pruned,39,0
56,45,26,10_hard_pruned,36,0
57,24,44,10_hard_pruned,39,1
58,24,31,10_hard_pruned,35,1
59,45,57,10_hard_pruned,36,0
60,45,25,10_hard_pruned,36,0
61,36,50,10_hard_pruned,39,0
62,45,51,10_hard_pruned,36,0
63,45,29,10_hard_pruned,36,0
64,36,26,10_hard_pruned,36,0
65,45,39,10_hard_pruned,37,0
66,36,60,10_hard_pruned,38,0
67,45,41,10_hard_pruned,36,0
68,45,42,10_hard_pruned,36,0
69,36,41,10_hard_pruned,39,0
70,45,23,10_hard_pruned,36,0
71,36,41,10_hard_pruned,39,0
72,45,56,10_hard_pruned,38,0
73,45,48,10_hard_pruned,36,0
74,36,47,10_hard_pruned,35,0
75,24,33,10_hard_pruned,35,1
76,45,56,10_hard_pruned,36,0
77,45,50,10_hard_pruned,36,0
78,24,40,10_hard_pruned,39,1
79,36,65,10_hard_pruned,38,0
80,36,48,10_hard_pruned,38,0
81,24,41,10_hard_pruned,36,1
82,24,57,10_hard_pruned,35,1
83,45,38,10_hard_pruned,37,0
84,45,37,10_hard_pruned,36,0
85,36,47,10_hard_pruned,39,0
86,36,55,10_hard_pruned,36,0
87,24,57,10_hard_pruned,35,1
88,36,47,10_hard_pruned,39,0
89,36,49,10_hard_pruned,38,0
90,45,38,10_hard_pruned,37,0
91,24,39,10_hard_pruned,39,1
92,45,28,10_hard_pruned,36,0
93,45,24,10_hard_pruned,36,0
94,45,24,10_hard_pruned,36,0
95,45,44,10_hard_pruned,37,0
96,36,46,10_hard_pruned,40,0
97,24,59,10_hard_pruned,38,1
98,45,42,10_hard_pruned,36,0
99,24,36,10_hard_pruned,39,1
100,45,24,10_hard_pruned,36,0
101,36,49,10_hard_pruned,40,0
102,45,41,10_hard_pruned,36,0
103,45,56,10_hard_pruned,38,0
104,24,61,10_hard_pruned,36,1
105,24,53,10_hard_pruned,38,1
106,45,38,10_hard_pruned,36,0
107,45,30,10_hard_pruned,36,0
108,36,55,10_hard_pruned,35,0
109,36,50,10_hard_pruned,39,0
110,45,25,10_hard_pruned,36,0
111,45,42,10_hard_pruned,36,0
112,36,26,10_hard_pruned,36,0
113,45,26,10_hard_pruned,36,0
114,36,40,10_hard_pruned,35,0
115,36,65,10_hard_pruned,36,0
116,45,27,10_hard_pruned,36,0
117,45,30,10_hard_pruned,36,0
118,36,58,10_hard_pruned,36,0
119,45,25,10_hard_pruned,36,0
120,36,48,10_hard_pruned,40,0
121,24,45,10_hard_pruned,37,1
122,24,41,10_hard_pruned,39,1
123,36,26,10_hard_pruned,36,0
124,36,46,10_hard_pruned,39,0
125,45,26,10_hard_pruned,36,0
126,24,42,10_hard_pruned,36,1
127,36,48,10_hard_pruned,39,0
128,45,39,10_hard_pruned,37,0
129,36,55,10_hard_pruned,35,0
130,36,45,10_hard_pruned,39,0
131,24,63,10_hard_pruned,38,1
132,36,53,10_hard_pruned,35,0
133,45,31,10_hard_pruned,36,0
134,45,26,10_hard_pruned,36,0
135,45,37,10_hard_pruned,37,0
136,24,44,10_hard_pruned,39,1
137,36,46,10_hard_pruned,39,0
138,45,27,10_hard_pruned,36,0
139,36,56,10_hard_pruned,35,0
140,36,49,10_hard_pruned,39,0
141,24,54,10_hard_pruned,38,1
142,24,41,10_hard_pruned,37,1
143,45,59,10_hard_pruned,38,0
144,36,54,10_hard_pruned,37,0
145,24,47,10_hard_pruned,36,1
146,36,28,10_hard_pruned,36,0
147,45,37,10_hard_pruned,37,0
148,36,56,10_hard_pruned,36,0
149,45,26,10_hard_pruned,36,0
150,24,47,10_hard_pruned,36,1
151,45,46,10_hard_pruned,36,0
152,36,57,10_hard_pruned,35,0
153,24,54,10_hard_pruned,38,1
154,45,38,10_hard_pruned,37,0
155,45,28,10_hard_pruned,36,0
156,45,39,10_hard_pruned,36,0
157,45,24,10_hard_pruned,36,0
158,45,38,10_hard_pruned,37,0
159,45,38,10_hard_pruned,37,0
160,45,56,10_hard_pruned,38,0
161,36,63,10_hard_pruned,35,0
162,45,36,10_hard_pruned,36,0
163,45,42,10_hard_pruned,36,0
164,36,55,10_hard_pruned,35,0
165,45,27,10_hard_pruned,36,0
166,45,42,10_hard_pruned,36,0
167,45,60,10_hard_pruned,36,0
168,45,37,10_hard_pruned,36,0
169,45,51,10_hard_pruned,35,0
170,24,63,10_hard_pruned,36,1
171,45,24,10_hard_pruned,36,0
172,45,35,10_hard_pruned,37,0
173,45,27,10_hard_pruned,36,0
174,45,26,10_hard_pruned,36,0
175,45,35,10_hard_pruned,37,0
176,45,27,10_hard_pruned,36,0
177,36,42,10_hard_pruned,35,0
178,36,40,10_hard_pruned,35,0
179,36,31,10_hard_pruned,36,0
180,45,50,10_hard_pruned,36,0
181,45,23,10_hard_pruned,36,0
182,45,29,10_hard_pruned,36,0
183,24,41,10_hard_pruned,39,1
184,24,42,10_hard_pruned,39,1
185,36,57,10_hard_pruned,36,0
186,36,51,10_hard_pruned,35,0
187,45,24,10_hard_pruned,36,0
188,45,40,10_hard_pruned,37,0
189,24,41,10_hard_pruned,39,1
190,45,29,10_hard_pruned,36,0
191,45,26,10_hard_pruned,36,0
192,45,41,10_hard_pruned,37,0
193,45,26,10_hard_pruned,36,0
194,24,40,10_hard_pruned,37,1
195,24,40,10_hard_pruned,36,1
196,45,26,10_hard_pruned,36,0
197,24,40,10_hard_pruned,36,1
198,36,50,10_hard_pruned,35,0
199,24,40,10_hard_pruned,39,1
0,33,62,10_medium_full,37,1
1,53,65,10_medium_full,37,0
2,33,62,10_medium_full,37,1
3,53,62,10_medium_full,37,0
4,33,68,10_medium_full,37,1
5,74,65,10_medium_full,35,0
6,33,63,10_medium_full,37,1
7,33,62,10_medium_full,36,1
8,53,60,10_medium_full,37,0
9,74,68,10_medium_full,36,0
10,74,50,10_medium_full,36,0
11,74,63,10_medium_full,36,0
12,74,64,10_medium_full,35,0
13,74,72,10_medium_full,36,0
14,33,64,10_medium_full,35,1
15,33,44,10_medium_full,35,1
16,74,59,10_medium_full,37,0
17,74,67,10_medium_full,37,0
18,53,68,10_medium_full,35,0
19,53,68,10_medium_full,35,0
20,53,63,10_medium_full,35,0
21,33,60,10_medium_full,36,1
22,74,61,10_medium_full,35,0
23,74,55,10_medium_full,36,0
24,33,53,10_medium_full,35,1
25,53,62,10_medium_full,36,0
26,53,58,10_medium_full,37,0
27,53,64,10_medium_full,35,0
28,74,63,10_medium_full,36,0
29,74,63,10_medium_full,35,0
30,53,63,10_medium_full,37,0
31,33,60,10_medium_full,36,1
32,33,64,10_medium_full,35,1
33,53,54,10_medium_full,37,0
34,74,55,10_medium_full,36,0
35,74,61,10_medium_full,35,0
36,33,65,10_medium_full,35,1
37,74,62,10_medium_full,35,0
38,33,67,10_medium_full,35,1
39,74,57,10_medium_full,36,0
40,74,64,10_medium_full,36,0
41,53,65,10_medium_full,35,0
42,33,59,10_medium_full,36,1
43,33,55,10_medium_full,36,1
44,33,56,10_medium_full,36,1
45,53,60,10_medium_full,37,0
46,33,66,10_medium_full,35,1
47,74,61,10_medium_full,37,0
48,33,49,10_medium_full,35,1
49,33,64,10_medium_full,35,1
50,53,61,10_medium_full,37,0
51,33,51,10_medium_full,35,1
52,53,66,10_medium_full,37,0
53,53,66,10_medium_full,35,0
54,53,59,10_medium_full,37,0
55,74,66,10_medium_full,36,0
56,33,66,10_medium_full,35,1
57,53,49,10_medium_full,36,0
58,33,62,10_medium_full,37,1
59,53,64,10_medium_full,37,0
60,33,67,10_medium_full,35,1
61,33,62,10_medium_full,37,1
62,74,69,10_medium_full,35,0
63,33,48,10_medium_full,35,1
64,33,49,10_medium_full,35,1
65,33,61,10_medium_full,36,1
66,74,65,10_medium_full,35,0
67,74,50,10_medium_full,36,0
68,74,58,10_medium_full,36,0
69,53,55,10_medium_full,38,0
70,74,48,10_medium_full,35,0
71,53,61,10_medium_full,36,0
72,53,65,10_medium_full,37,0
73,33,54,10_medium_full,36,1
74,74,60,10_medium_full,36,0
75,53,65,10_medium_full,36,0
76,33,69,10_medium_full,35,1
77,74,65,10_medium_full,35,0
78,33,60,10_medium_full,37,1
79,33,58,10_medium_full,37,1
80,33,61,10_medium_full,37,1
81,53,64,10_medium_full,37,0
82,53,59,10_medium_full,37,0
83,33,68,10_medium_full,36,1
84,53,60,10_medium_full,35,0
85,74,65,10_medium_full,36,0
86,33,52,10_medium_full,36,1
87,53,62,10_medium_full,37,0
88,74,59,10_medium_full,36,0
89,53,65,10_medium_full,35,0
90,74,58,10_medium_full,37,0
91,53,59,10_medium_full,37,0
92,33,65,10_medium_full,36,1
93,74,57,10_medium_full,36,0
94,74,63,10_medium_full,36,0
95,53,67,10_medium_full,36,0
96,33,56,10_medium_full,36,1
97,74,62,10_medium_full,35,0
98,53,68,10_medium_full,37,0
99,33,62,10_medium_full,36,1
100,33,70,10_medium_full,35,1
101,74,51,10_medium_full,36,0
102,53,64,10_medium_full,35,0
103,74,66,10_medium_full,35,0
104,53,64,10_medium_full,36,0
105,53,60,10_medium_full,37,0
106,74,56,10_medium_full,36,0
107,74,60,10_medium_full,37,0
108,33,63,10_medium_full,35,1
109,53,68,10_medium_full,36,0
110,74,60,10_medium_full,37,0
111,33,51,10_medium_full,35,1
112,33,50,10_medium_full,35,1
113,53,68,10_medium_full,35,0
114,53,62,10_medium_full,37,0
115,74,66,10_medium_full,35,0
116,33,61,10_medium_full,37,1
117,74,57,10_medium_full,37,0
118,33,62,10_medium_full,36,1
119,53,55,10_medium_full,38,0
120,74,67,10_medium_full,36,0
121,53,55,10_medium_full,38,0
122,74,62,10_medium_full,35,0
123,53,63,10_medium_full,35,0
124,33,65,10_medium_full,37,1
125,74,64,10_medium_full,36,0
126,33,64,10_medium_full,35,1
127,53,66,10_medium_full,37,0
128,74,62,10_medium_full,36,0
129,33,60,10_medium_full,36,1
130,33,65,10_medium_full,36,1
131,74,67,10_medium_full,35,0
132,53,61,10_medium_full,35,0
133,74,73,10_medium_full,36,0
134,33,64,10_medium_full,36,1
135,33,65,10_medium_full,35,1
136,53,67,10_medium_full,35,0
137,33,61,10_medium_full,35,1
138,74,66,10_medium_full,36,0
139,33,61,10_medium_full,36,1
140,53,60,10_medium_full,37,0
141,74,62,10_medium_full,37,0
142,53,65,10_medium_full,37,0
143,53,60,10_medium_full,37,0
144,53,49,10_medium_full,36,0
145,33,62,10_medium_full,36,1
146,33,68,10_medium_full,35,1
147,33,48,10_medium_full,35,1
148,33,64,10_medium_full,35,1
149,33,65,10_medium_full,35,1
150,33,62,10_medium_full,37,1
151,53,60,10_medium_full,37,0
152,33,65,10_medium_full,36,1
153,53,68,10_medium_full,35,0
154,74,41,10_medium_full,36,0
155,33,66,10_medium_full,36,1
156,74,60,10_medium_full,35,0
157,33,64,10_medium_full,36,1
158,53,64,10_medium_full,37,0
159,74,47,10_medium_full,35,0
160,74,51,10_medium_full,36,0
161,74,60,10_medium_full,37,0
162,33,62,10_medium_full,37,1
163,33,65,10_medium_full,35,1
164,53,63,10_medium_full,37,0
165,33,58,10_medium_full,36,1
166,74,47,10_medium_full,35,0
167,33,55,10_medium_full,36,1
168,74,63,10_medium_full,36,0
169,74,62,10_medium_full,36,0
170,74,67,10_medium_full,35,0
171,53,65,10_medium_full,35,0
172,33,71,10_medium_full,36,1
173,74,59,10_medium_full,37,0
174,53,67,10_medium_full,35,0
175,33,67,10_medium_full,35,1
176,33,57,10_medium_full,37,1
177,74,57,10_medium_full,37,0
178,74,48,10_medium_full,35,0
179,74,62,10_medium_full,37,0
180,33,65,10_medium_full,35,1
181,74,66,10_medium_full,36,0
182,53,65,10_medium_full,37,0
183,74,64,10_medium_full,35,0
184,33,61,10_medium_full,37,1
185,74,60,10_medium_full,36,0
186,53,54,10_medium_full,38,0
187,33,63,10_medium_full,36,1
188,53,63,10_medium_full,37,0
189,74,61,10_medium_full,36,0
190,74,65,10_medium_full,36,0
191,74,54,10_medium_full,36,0
192,53,59,10_medium_full,35,0
193,53,59,10_medium_full,35,0
194,33,67,10_medium_full,35,1
195,74,65,10_medium_full,35,0
196,53,76,10_medium_full,36,0
197,74,66,10_medium_full,35,0
198,33,63,10_medium_full,37,1
199,33,61,10_medium_full,36,1
0,53,36,10_medium_pruned,38,1
1,31,26,10_medium_pruned,36,0
2,53,40,10_medium_pruned,37,1
3,53,22,10_medium_pruned,38,1
4,74,30,10_medium_pruned,35,0
5,31,41,10_medium_pruned,37,0
6,74,31,10_medium_pruned,35,0
7,74,39,10_medium_pruned,37,0
8,53,25,10_medium_pruned,36,1
9,74,39,10_medium_pruned,37,0
10,31,27,10_medium_pruned,36,0
11,74,36,10_medium_pruned,35,0
12,31,31,10_medium_pruned,38,0
13,74,41,10_medium_pruned,37,0
14,53,36,10_medium_pruned,37,1
15,53,37,10_medium_pruned,38,1
16,53,25,10_medium_pruned,36,1
17,53,39,10_medium_pruned,37,1
18,74,31,10_medium_pruned,35,0
19,74,30,10_medium_pruned,35,0
20,74,31,10_medium_pruned,35,0
21,53,21,10_medium_pruned,38,1
22,53,22,10_medium_pruned,38,1
23,31,27,10_medium_pruned,35,0
24,74,44,10_medium_pruned,38,0
25,31,24,10_medium_pruned,39,0
26,74,30,10_medium_pruned,35,0
27,31,26,10_medium_pruned,36,0
28,31,38,10_medium_pruned,37,0
29,53,26,10_medium_pruned,35,1
30,31,38,10_medium_pruned,37,0
31,53,26,10_medium_pruned,36,1
32,31,25,10_medium_pruned,39,0
33,53,27,10_medium_pruned,35,1
34,31,25,10_medium_pruned,36,0
35,74,30,10_medium_pruned,35,0
36,53,45,10_medium_pruned,38,1
37,74,30,10_medium_pruned,35,0
38,74,32,10_medium_pruned,35,0
39,53,36,10_medium_pruned,38,1
40,74,31,10_medium_pruned,35,0
41,53,26,10_medium_pruned,36,1
42,53,22,10_medium_pruned,38,1
43,74,43,10_medium_pruned,37,0
44,53,22,10_medium_pruned,38,1
45,31,24,10_medium_pruned,36,0
46,31,26,10_medium_pruned,36,0
47,53,37,10_medium_pruned,37,1
48,53,21,10_medium_pruned,38,1
49,53,40,10_medium_pruned,37,1
50,53,28,10_medium_pruned,35,1
51,53,27,10_medium_pruned,35,1
52,31,27,10_medium_pruned,36,0
53,74,40,10_medium_pruned,37,0
54,31,28,10_medium_pruned,36,0
55,53,25,10_medium_pruned,36,1
56,74,31,10_medium_pruned,35,0
57,31,23,10_medium_pruned,39,0
58,74,42,10_medium_pruned,37,0
59,74,30,10_medium_pruned,35,0
60,31,43,10_medium_pruned,37,0
61,53,21,10_medium_pruned,38,1
62,53,22,10_medium_pruned,38,1
63,74,31,10_medium_pruned,35,0
64,53,43,10_medium_pruned,38,1
65,31,28,10_medium_pruned,36,0
66,31,27,10_medium_pruned,36,0
67,53,27,10_medium_pruned,35,1
68,74,29,10_medium_pruned,35,0
69,53,27,10_medium_pruned,36,1
70,53,24,10_medium_pruned,36,1
71,53,40,10_medium_pruned,37,1
72,53,22,10_medium_pruned,38,1
73,53,27,10_medium_pruned,35,1
74,74,36,10_medium_pruned,38,0
75,74,36,10_medium_pruned,38,0
76,53,44,10_medium_pruned,38,1
77,31,30,10_medium_pruned,36,0
78,31,26,10_medium_pruned,36,0
79,74,29,10_medium_pruned,35,0
80,53,22,10_medium_pruned,38,1
81,53,25,10_medium_pruned,36,1
82,53,21,10_medium_pruned,38,1
83,31,22,10_medium_pruned,39,0
84,53,30,10_medium_pruned,39,1
85,74,45,10_medium_pruned,38,0
86,53,40,10_medium_pruned,37,1
87,74,40,10_medium_pruned,37,0
88,53,21,10_medium_pruned,38,1
89,74,29,10_medium_pruned,35,0
90,31,41,10_medium_pruned,37,0
91,31,40,10_medium_pruned,37,0
92,53,21,10_medium_pruned,38,1
93,74,30,10_medium_pruned,35,0
94,53,21,10_medium_pruned,38,1
95,74,30,10_medium_pruned,35,0
96,74,34,10_medium_pruned,35,0
97,31,25,10_medium_pruned,36,0
98,74,39,10_medium_pruned,37,0
99,53,21,10_medium_pruned,38,1
100,53,23,10_medium_pruned,38,1
101,74,45,10_medium_pruned,38,0
102,74,31,10_medium_pruned,35,0
103,31,27,10_medium_pruned,36,0
104,31,22,10_medium_pruned,39,0
105,74,31,10_medium_pruned,35,0
106,31,24,10_medium_pruned,39,0
107,74,29,10_medium_pruned,35,0
108,74,31,10_medium_pruned,35,0
109,53,24,10_medium_pruned,36,1
110,74,29,10_medium_pruned,35,0
111,31,40,10_medium_pruned,37,0
112,74,32,10_medium_pruned,35,0
113,31,25,10_medium_pruned,39,0
114,53,47,10_medium_pruned,38,1
115,53,46,10_medium_pruned,38,1
116,53,36,10_medium_pruned,37,1
117,31,41,10_medium_pruned,37,0
118,74,40,10_medium_pruned,37,0
119,53,38,10_medium_pruned,37,1
120,74,46,10_medium_pruned,38,0
121,53,21,10_medium_pruned,38,1
122,53,21,10_medium_pruned,38,1
123,74,29,10_medium_pruned,35,0
124,74,30,10_medium_pruned,35,0
125,74,30,10_medium_pruned,35,0
126,53,22,10_medium_pruned,38,1
127,31,22,10_medium_pruned,39,0
128,31,36,10_medium_pruned,37,0
129,74,32,10_medium_pruned,35,0
130,74,38,10_medium_pruned,35,0
131,53,22,10_medium_pruned,38,1
132,53,23,10_medium_pruned,38,1
133,31,27,10_medium_pruned,36,0
134,53,22,10_medium_pruned,38,1
135,74,41,10_medium_pruned,37,0
136,31,23,10_medium_pruned,39,0
137,31,27,10_medium_pruned,36,0
138,53,25,10_medium_pruned,36,1
139,74,30,10_medium_pruned,35,0
140,53,21,10_medium_pruned,38,1
141,74,30,10_medium_pruned,35,0
142,31,23,10_medium_pruned,39,0
143,31,29,10_medium_pruned,35,0
144,53,26,10_medium_pruned,36,1
145,31,25,10_medium_pruned,39,0
146,53,23,10_medium_pruned,38,1
147,53,44,10_medium_pruned,38,1
148,74,30,10_medium_pruned,35,0
149,74,30,10_medium_pruned,35,0
150,31,27,10_medium_pruned,36,0
151,74,43,10_medium_pruned,38,0
152,74,30,10_medium_pruned,35,0
153,74,39,10_medium_pruned,37,0
154,74,31,10_medium_pruned,35,0
155,53,22,10_medium_pruned,38,1
156,74,37,10_medium_pruned,38,0
157,31,31,10_medium_pruned,35,0
158,74,37,10_medium_pruned,38,0
159,74,30,10_medium_pruned,35,0
160,74,30,10_medium_pruned,35,0
161,31,28,10_medium_pruned,35,0
162,74,29,10_medium_pruned,35,0
163,53,21,10_medium_pruned,38,1
164,53,22,10_medium_pruned,38,1
165,53,25,10_medium_pruned,36,1
166,74,32,10_medium_pruned,35,0
167,53,40,10_medium_pruned,37,1
168,53,22,10_medium_pruned,38,1
169,53,22,10_medium_pruned,38,1
170,53,22,10_medium_pruned,38,1
171,53,23,10_medium_pruned,38,1
172,74,29,10_medium_pruned,35,0
173,74,31,10_medium_pruned,35,0
174,74,36,10_medium_pruned,38,0
175,74,40,10_medium_pruned,38,0
176,53,21,10_medium_pruned,38,1
177,74,30,10_medium_pruned,35,0
178,53,26,10_medium_pruned,35,1
179,74,30,10_medium_pruned,35,0
180,53,27,10_medium_pruned,35,1
181,74,35,10_medium_pruned,35,0
182,31,34,10_medium_pruned,38,0
183,31,39,10_medium_pruned,35,0
184,53,21,10_medium_pruned,38,1
185,31,25,10_medium_pruned,36,0
186,31,33,10_medium_pruned,38,0
187,53,26,10_medium_pruned,35,1
188,31,39,10_medium_pruned,37,0
189,53,21,10_medium_pruned,38,1
190,31,23,10_medium_pruned,39,0
191,74,30,10_medium_pruned,35,0
192,31,24,10_medium_pruned,39,0
193,74,30,10_medium_pruned,35,0
194,53,38,10_medium_pruned,37,1
195,31,34,10_medium_pruned,37,0
196,31,25,10_medium_pruned,36,0
197,53,42,10_medium_pruned,37,1
198,53,38,10_medium_pruned,37,1
199,53,25,10_medium_pruned,36,1
0,24,42,6_easy_full,39,1
1,26,59,6_easy_full,39,0
2,12,45,6_easy_full,37,1
3,24,45,6_easy_full,37,1
4,24,48,6_easy_full,37,1
5,26,57,6_easy_full,39,0
6,12,47,6_easy_full,36,1
7,24,43,6_easy_full,39,1
8,24,46,6_easy_full,35,1
9,12,49,6_easy_full,35,1
10,24,42,6_easy_full,39,1
11,12,45,6_easy_full,37,1
12,12,46,6_easy_full,39,1
13,26,49,6_easy_full,39,0
14,24,45,6_easy_full,37,1
15,26,57,6_easy_full,39,0
16,12,46,6_easy_full,37,1
17,12,42,6_easy_full,37,1
18,12,44,6_easy_full,39,1
19,12,41,6_easy_full,39,1
20,26,54,6_easy_full,35,0
21,24,43,6_easy_full,39,1
22,26,55,6_easy_full,35,0
23,24,48,6_easy_full,36,1
24,12,59,6_easy_full,38,1
25,24,54,6_easy_full,38,1
26,24,46,6_easy_full,37,1
27,24,42,6_easy_full,37,1
28,12,45,6_easy_full,37,1
29,26,57,6_easy_full,39,0
30,12,43,6_easy_full,37,1
31,12,45,6_easy_full,39,1
32,12,41,6_easy_full,39,1
33,24,44,6_easy_full,37,1
34,12,46,6_easy_full,37,1
35,12,44,6_easy_full,37,1
36,24,41,6_easy_full,36,1
37,26,60,6_easy_full,39,0
38,12,52,6_easy_full,35,1
39,12,41,6_easy_full,39,1
40,12,41,6_easy_full,39,1
41,26,54,6_easy_full,39,0
42,24,42,6_easy_full,37,1
43,24,42,6_easy_full,36,1
44,26,54,6_easy_full,35,0
45,12,45,6_easy_full,37,1
46,26,55,6_easy_full,39,0
47,12,43,6_easy_full,37,1
48,26,56,6_easy_full,39,0
49,12,42,6_easy_full,39,1
50,26,56,6_easy_full,35,0
51,26,55,6_easy_full,35,0
52,12,45,6_easy_full,39,1
53,24,46,6_easy_full,37,1
54,24,45,6_easy_full,37,1
55,26,62,6_easy_full,39,0
56,12,48,6_easy_full,37,1
57,12,44,6_easy_full,39,1
58,24,43,6_easy_full,36,1
59,26,54,6_easy_full,35,0
60,12,43,6_easy_full,39,1
61,24,41,6_easy_full,36,1
62,26,58,6_easy_full,35,0
63,26,59,6_easy_full,40,0
64,24,40,6_easy_full,39,1
65,24,42,6_easy_full,39,1
66,12,40,6_easy_full,37,1
67,24,51,6_easy_full,35,1
68,12,40,6_easy_full,39,1
69,26,57,6_easy_full,35,0
70,12,43,6_easy_full,39,1
71,24,40,6_easy_full,37,1
72,12,37,6_easy_full,39,1
73,24,41,6_easy_full,39,1
74,12,43,6_easy_full,39,1
75,12,43,6_easy_full,39,1
76,24,42,6_easy_full,36,1
77,24,41,6_easy_full,39,1
78,12,42,6_easy_full,39,1
79,24,44,6_easy_full,39,1
80,24,41,6_easy_full,36,1
81,12,45,6_easy_full,37,1
82,26,55,6_easy_full,35,0
83,26,53,6_easy_full,39,0
84,26,58,6_easy_full,39,0
85,12,42,6_easy_full,37,1
86,24,45,6_easy_full,39,1
87,12,44,6_easy_full,39,1
88,26,56,6_easy_full,35,0
89,12,43,6_easy_full,39,1
90,24,42,6_easy_full,39,1
91,12,40,6_easy_full,39,1
92,12,44,6_easy_full,39,1
93,26,52,6_easy_full,35,0
94,24,44,6_easy_full,37,1
95,26,56,6_easy_full,39,0
96,24,43,6_easy_full,39,1
97,12,44,6_easy_full,39,1
98,24,47,6_easy_full,37,1
99,26,65,6_easy_full,35,0
100,12,41,6_easy_full,37,1
101,24,46,6_easy_full,37,1
102,12,44,6_easy_full,39,1
103,12,45,6_easy_full,39,1
104,12,43,6_easy_full,39,1
105,12,46,6_easy_full,37,1
106,24,41,6_easy_full,39,1
107,24,42,6_easy_full,39,1
108,12,43,6_easy_full,37,1
109,24,46,6_easy_full,37,1
110,24,41,6_easy_full,39,1
111,26,53,6_easy_full,35,0
112,24,41,6_easy_full,39,1
113,26,60,6_easy_full,39,0
114,12,44,6_easy_full,37,1
115,24,43,6_easy_full,39,1
116,24,41,6_easy_full,39,1
117,12,42,6_easy_full,37,1
118,12,39,6_easy_full,39,1
119,24,45,6_easy_full,39,1
120,26,54,6_easy_full,35,0
121,24,44,6_easy_full,39,1
122,12,41,6_easy_full,39,1
123,12,42,6_easy_full,39,1
124,12,43,6_easy_full,39,1
125,24,39,6_easy_full,37,1
126,26,54,6_easy_full,35,0
127,26,55,6_easy_full,35,0
128,26,54,6_easy_full,35,0
129,24,43,6_easy_full,39,1
130,24,43,6_easy_full,39,1
131,26,51,6_easy_full,35,0
132,12,45,6_easy_full,37,1
133,24,41,6_easy_full,39,1
134,26,58,6_easy_full,39,0
135,12,45,6_easy_full,37,1
136,24,45,6_easy_full,39,1
137,26,54,6_easy_full,35,0
138,12,43,6_easy_full,37,1
139,26,49,6_easy_full,35,0
140,26,54,6_easy_full,39,0
141,26,59,6_easy_full,39,0
142,24,46,6_easy_full,37,1
143,26,52,6_easy_full,39,0
144,24,50,6_easy_full,37,1
145,24,50,6_easy_full,37,1
146,12,41,6_easy_full,39,1
147,24,59,6_easy_full,38,1
148,12,45,6_easy_full,37,1
149,24,40,6_easy_full,39,1
150,12,45,6_easy_full,39,1
151,24,42,6_easy_full,39,1
152,12,44,6_easy_full,39,1
153,26,53,6_easy_full,35,0
154,26,54,6_easy_full,39,0
155,12,44,6_easy_full,39,1
156,26,53,6_easy_full,39,0
157,12,42,6_easy_full,39,1
158,12,41,6_easy_full,39,1
159,12,56,6_easy_full,38,1
160,12,42,6_easy_full,37,1
161,12,40,6_easy_full,39,1
162,26,66,6_easy_full,35,0
163,12,43,6_easy_full,39,1
164,26,53,6_easy_full,39,0
165,12,56,6_easy_full,38,1
166,24,44,6_easy_full,37,1
167,26,52,6_easy_full,35,0
168,24,44,6_easy_full,39,1
169,26,58,6_easy_full,39,0
170,26,52,6_easy_full,35,0
171,24,43,6_easy_full,39,1
172,24,45,6_easy_full,37,1
173,12,42,6_easy_full,39,1
174,12,43,6_easy_full,39,1
175,26,60,6_easy_full,39,0
176,12,43,6_easy_full,39,1
177,26,66,6_easy_full,35,0
178,12,42,6_easy_full,39,1
179,24,44,6_easy_full,36,1
180,24,41,6_easy_full,39,1
181,12,47,6_easy_full,39,1
182,12,40,6_easy_full,39,1
183,24,42,6_easy_full,39,1
184,24,39,6_easy_full,37,1
185,24,45,6_easy_full,39,1
186,26,58,6_easy_full,39,0
187,24,40,6_easy_full,37,1
188,26,53,6_easy_full,35,0
189,12,42,6_easy_full,37,1
190,24,41,6_easy_full,37,1
191,12,47,6_easy_full,36,1
192,24,58,6_easy_full,38,1
193,26,63,6_easy_full,36,0
194,12,58,6_easy_full,38,1
195,24,46,6_easy_full,37,1
196,12,42,6_easy_full,39,1
197,26,49,6_easy_full,35,0
198,24,43,6_easy_full,37,1
199,24,40,6_easy_full,37,1
0,12,20,6_easy_pruned,38,1
1,26,27,6_easy_pruned,39,0
2,12,21,6_easy_pruned,38,1
3,12,24,6_easy_pruned,35,1
4,12,21,6_easy_pruned,38,1
5,18,17,6_easy_pruned,36,0
6,12,21,6_easy_pruned,36,1
7,18,17,6_easy_pruned,36,0
8,12,20,6_easy_pruned,38,1
9,18,17,6_easy_pruned,36,0
10,12,19,6_easy_pruned,38,1
11,12,24,6_easy_pruned,36,1
12,12,17,6_easy_pruned,38,1
13,12,23,6_easy_pruned,35,1
14,26,25,6_easy_pruned,39,0
15,12,25,6_easy_pruned,36,1
16,12,25,6_easy_pruned,35,1
17,18,20,6_easy_pruned,38,0
18,12,24,6_easy_pruned,36,1
19,18,19,6_easy_pruned,36,0
20,26,25,6_easy_pruned,39,0
21,26,30,6_easy_pruned,39,0
22,26,30,6_easy_pruned,39,0
23,26,25,6_easy_pruned,39,0
24,26,24,6_easy_pruned,39,0
25,12,20,6_easy_pruned,38,1
26,12,18,6_easy_pruned,38,1
27,12,20,6_easy_pruned,38,1
28,12,21,6_easy_pruned,38,1
29,12,19,6_easy_pruned,38,1
30,12,19,6_easy_pruned,38,1
31,12,21,6_easy_pruned,38,1
32,12,19,6_easy_pruned,38,1
33,18,19,6_easy_pruned,36,0
34,18,17,6_easy_pruned,36,0
35,12,24,6_easy_pruned,35,1
36,26,26,6_easy_pruned,39,0
37,12,34,6_easy_pruned,35,1
38,18,21,6_easy_pruned,38,0
39,18,19,6_easy_pruned,36,0
40,18,21,6_easy_pruned,38,0
41,12,22,6_easy_pruned,35,1
42,26,31,6_easy_pruned,39,0
43,12,21,6_easy_pruned,38,1
44,12,18,6_easy_pruned,38,1
45,12,22,6_easy_pruned,36,1
46,12,20,6_easy_pruned,38,1
47,18,17,6_easy_pruned,36,0
48,26,24,6_easy_pruned,39,0
49,26,24,6_easy_pruned,39,0
50,18,17,6_easy_pruned,36,0
51,26,31,6_easy_pruned,39,0
52,12,25,6_easy_pruned,35,1
53,12,23,6_easy_pruned,35,1
54,12,20,6_easy_pruned,38,1
55,26,33,6_easy_pruned,35,0
56,12,23,6_easy_pruned,36,1
57,26,29,6_easy_pruned,39,0
58,26,30,6_easy_pruned,39,0
59,18,18,6_easy_pruned,36,0
60,12,20,6_easy_pruned,38,1
61,18,17,6_easy_pruned,36,0
62,12,20,6_easy_pruned,38,1
63,12,19,6_easy_pruned,38,1
64,12,25,6_easy_pruned,35,1
65,12,20,6_easy_pruned,38,1
66,12,23,6_easy_pruned,36,1
67,12,18,6_easy_pruned,38,1
68,12,19,6_easy_pruned,38,1
69,26,30,6_easy_pruned,39,0
70,12,20,6_easy_pruned,38,1
71,12,24,6_easy_pruned,35,1
72,26,28,6_easy_pruned,39,0
73,12,21,6_easy_pruned,38,1
74,12,22,6_easy_pruned,36,1
75,12,25,6_easy_pruned,35,1
76,26,26,6_easy_pruned,39,0
77,12,23,6_easy_pruned,35,1
78,12,21,6_easy_pruned,38,1
79,12,19,6_easy_pruned,38,1
80,18,17,6_easy_pruned,36,0
81,12,19,6_easy_pruned,38,1
82,26,31,6_easy_pruned,39,0
83,12,19,6_easy_pruned,38,1
84,12,25,6_easy_pruned,36,1
85,26,30,6_easy_pruned,39,0
86,18,17,6_easy_pruned,36,0
87,26,29,6_easy_pruned,39,0
88,26,24,6_easy_pruned,39,0
89,12,20,6_easy_pruned,38,1
90,12,20,6_easy_pruned,38,1
91,12,23,6_easy_pruned,36,1
92,12,20,6_easy_pruned,38,1
93,12,24,6_easy_pruned,35,1
94,12,19,6_easy_pruned,38,1
95,26,25,6_easy_pruned,39,0
96,12,19,6_easy_pruned,38,1
97,26,26,6_easy_pruned,39,0
98,26,29,6_easy_pruned,39,0
99,12,17,6_easy_pruned,38,1
100,26,26,6_easy_pruned,39,0
101,18,22,6_easy_pruned,35,0
102,12,23,6_easy_pruned,36,1
103,12,23,6_easy_pruned,35,1
104,26,27,6_easy_pruned,39,0
105,12,19,6_easy_pruned,38,1
106,26,30,6_easy_pruned,39,0
107,18,18,6_easy_pruned,36,0
108,26,30,6_easy_pruned,39,0
109,12,21,6_easy_pruned,38,1
110,12,25,6_easy_pruned,35,1
111,18,18,6_easy_pruned,36,0
112,12,20,6_easy_pruned,38,1
113,12,20,6_easy_pruned,38,1
114,12,22,6_easy_pruned,38,1
115,26,28,6_easy_pruned,39,0
116,12,20,6_easy_pruned,38,1
117,12,19,6_easy_pruned,38,1
118,12,24,6_easy_pruned,36,1
119,12,19,6_easy_pruned,38,1
120,12,23,6_easy_pruned,36,1
121,12,18,6_easy_pruned,38,1
122,12,25,6_easy_pruned,35,1
123,12,22,6_easy_pruned,35,1
124,12,20,6_easy_pruned,38,1
125,12,19,6_easy_pruned,38,1
126,26,25,6_easy_pruned,39,0
127,18,21,6_easy_pruned,38,0
128,26,26,6_easy_pruned,39,0
129,12,19,6_easy_pruned,38,1
130,12,20,6_easy_pruned,38,1
131,12,25,6_easy_pruned,35,1
132,26,24,6_easy_pruned,39,0
133,26,25,6_easy_pruned,39,0
134,12,25,6_easy_pruned,35,1
135,26,25,6_easy_pruned,39,0
136,12,24,6_easy_pruned,36,1
137,12,19,6_easy_pruned,38,1
138,12,24,6_easy_pruned,35,1
139,12,20,6_easy_pruned,38,1
140,18,17,6_easy_pruned,36,0
141,18,17,6_easy_pruned,36,0
142,12,20,6_easy_pruned,38,1
143,18,18,6_easy_pruned,36,0
144,26,24,6_easy_pruned,39,0
145,12,19,6_easy_pruned,38,1
146,12,23,6_easy_pruned,35,1
147,18,19,6_easy_pruned,36,0
148,12,21,6_easy_pruned,38,1
149,12,19,6_easy_pruned,38,1
150,12,23,6_easy_pruned,35,1
151,26,29,6_easy_pruned,39,0
152,12,19,6_easy_pruned,38,1
153,12,19,6_easy_pruned,38,1
154,18,20,6_easy_pruned,38,0
155,12,21,6_easy_pruned,38,1
156,18,19,6_easy_pruned,38,0
157,18,19,6_easy_pruned,38,0
158,18,17,6_easy_pruned,36,0
159,18,19,6_easy_pruned,36,0
160,12,24,6_easy_pruned,36,1
161,18,17,6_easy_pruned,36,0
162,26,25,6_easy_pruned,39,0
163,12,34,6_easy_pruned,35,1
164,12,21,6_easy_pruned,38,1
165,12,22,6_easy_pruned,35,1
166,12,22,6_easy_pruned,36,1
167,18,17,6_easy_pruned,36,0
168,26,24,6_easy_pruned,39,0
169,12,17,6_easy_pruned,38,1
170,26,30,6_easy_pruned,39,0
171,12,21,6_easy_pruned,36,1
172,12,19,6_easy_pruned,38,1
173,26,24,6_easy_pruned,39,0
174,12,37,6_easy_pruned,35,1
175,12,20,6_easy_pruned,38,1
176,26,29,6_easy_pruned,39,0
177,26,31,6_easy_pruned,39,0
178,12,18,6_easy_pruned,38,1
179,12,17,6_easy_pruned,38,1
180,12,19,6_easy_pruned,38,1
181,12,20,6_easy_pruned,38,1
182,26,24,6_easy_pruned,39,0
183,26,25,6_easy_pruned,39,0
184,12,23,6_easy_pruned,36,1
185,26,30,6_easy_pruned,39,0
186,18,17,6_easy_pruned,36,0
187,12,24,6_easy_pruned,35,1
188,12,23,6_easy_pruned,35,1
189,12,20,6_easy_pruned,38,1
190,12,21,6_easy_pruned,38,1
191,18,19,6_easy_pruned,38,0
192,18,21,6_easy_pruned,35,0
193,12,19,6_easy_pruned,38,1
194,12,19,6_easy_pruned,38,1
195,12,24,6_easy_pruned,35,1
196,18,21,6_easy_pruned,38,0
197,12,20,6_easy_pruned,38,1
198,12,21,6_easy_pruned,38,1
199,12,23,6_easy_pruned,36,1
0,4,45,6_hard_full,37,1
1,4,60,6_hard_full,38,1
2,16,24,6_hard_full,36,0
3,16,33,6_hard_full,36,0
4,16,33,6_hard_full,36,0
5,16,40,6_hard_full,37,0
6,21,27,6_hard_full,39,0
7,16,45,6_hard_full,36,0
8,4,56,6_hard_full,38,1
9,16,30,6_hard_full,36,0
10,4,59,6_hard_full,38,1
11,16,61,6_hard_full,38,0
12,16,26,6_hard_full,36,0
13,21,22,6_hard_full,36,0
14,16,28,6_hard_full,36,0
15,21,29,6_hard_full,39,0
16,16,36,6_hard_full,37,0
17,4,46,6_hard_full,37,1
18,16,39,6_hard_full,37,0
19,16,38,6_hard_full,37,0
20,16,41,6_hard_full,36,0
21,16,27,6_hard_full,36,0
22,16,52,6_hard_full,35,0
23,21,24,6_hard_full,36,0
24,16,68,6_hard_full,38,0
25,4,61,6_hard_full,38,1
26,16,24,6_hard_full,36,0
27,21,22,6_hard_full,36,0
28,16,24,6_hard_full,36,0
29,4,66,6_hard_full,38,1
30,16,43,6_hard_full,36,0
31,4,46,6_hard_full,37,1
32,4,51,6_hard_full,36,1
33,4,54,6_hard_full,36,1
34,16,41,6_hard_full,36,0
35,16,39,6_hard_full,36,0
36,16,49,6_hard_full,36,0
37,16,39,6_hard_full,36,0
38,16,61,6_hard_full,38,0
39,16,45,6_hard_full,36,0
40,16,24,6_hard_full,36,0
41,16,23,6_hard_full,36,0
42,4,62,6_hard_full,36,1
43,16,24,6_hard_full,36,0
44,21,29,6_hard_full,39,0
45,16,52,6_hard_full,36,0
46,4,59,6_hard_full,36,1
47,4,56,6_hard_full,36,1
48,4,61,6_hard_full,35,1
49,4,57,6_hard_full,36,1
50,4,57,6_hard_full,38,1
51,16,47,6_hard_full,36,0
52,16,63,6_hard_full,38,0
53,4,57,6_hard_full,38,1
54,16,26,6_hard_full,36,0
55,16,30,6_hard_full,36,0
56,21,24,6_hard_full,36,0
57,16,61,6_hard_full,38,0
58,21,27,6_hard_full,39,0
59,16,28,6_hard_full,36,0
60,4,47,6_hard_full,37,1
61,16,55,6_hard_full,36,0
62,16,26,6_hard_full,36,0
63,4,59,6_hard_full,36,1
64,16,53,6_hard_full,36,0
65,16,26,6_hard_full,36,0
66,4,62,6_hard_full,35,1
67,4,59,6_hard_full,36,1
68,21,25,6_hard_full,39,0
69,4,56,6_hard_full,38,1
70,4,53,6_hard_full,35,1
71,4,54,6_hard_full,36,1
72,16,24,6_hard_full,36,0
73,16,31,6_hard_full,36,0
74,16,37,6_hard_full,37,0
75,4,47,6_hard_full,36,1
76,4,62,6_hard_full,38,1
77,16,26,6_hard_full,36,0
78,16,52,6_hard_full,36,0
79,4,48,6_hard_full,37,1
80,16,29,6_hard_full,36,0
81,16,28,6_hard_full,36,0
82,16,25,6_hard_full,36,0
83,16,24,6_hard_full,36,0
84,21,25,6_hard_full,39,0
85,4,54,6_hard_full,38,1
86,16,24,6_hard_full,36,0
87,16,45,6_hard_full,37,0
88,21,22,6_hard_full,36,0
89,4,61,6_hard_full,38,1
90,4,56,6_hard_full,38,1
91,16,33,6_hard_full,36,0
92,4,58,6_hard_full,37,1
93,4,55,6_hard_full,38,1
94,16,26,6_hard_full,36,0
95,4,54,6_hard_full,37,1
96,4,55,6_hard_full,36,1
97,21,22,6_hard_full,36,0
98,4,63,6_hard_full,38,1
99,21,29,6_hard_full,39,0
100,16,45,6_hard_full,37,0
101,16,28,6_hard_full,36,0
102,16,25,6_hard_full,36,0
103,16,45,6_hard_full,36,0
104,21,33,6_hard_full,39,0
105,4,46,6_hard_full,37,1
106,16,52,6_hard_full,36,0
107,4,43,6_hard_full,37,1
108,16,62,6_hard_full,38,0
109,16,56,6_hard_full,35,0
110,4,52,6_hard_full,36,1
111,16,37,6_hard_full,37,0
112,4,49,6_hard_full,37,1
113,21,27,6_hard_full,39,0
114,4,54,6_hard_full,36,1
115,4,64,6_hard_full,38,1
116,4,51,6_hard_full,37,1
117,16,28,6_hard_full,36,0
118,16,26,6_hard_full,36,0
119,4,70,6_hard_full,38,1
120,16,43,6_hard_full,36,0
121,4,48,6_hard_full,37,1
122,4,48,6_hard_full,37,1
123,4,58,6_hard_full,38,1
124,4,57,6_hard_full,38,1
125,4,51,6_hard_full,38,1
126,16,25,6_hard_full,36,0
127,16,55,6_hard_full,36,0
128,4,62,6_hard_full,36,1
129,16,28,6_hard_full,36,0
130,16,47,6_hard_full,36,0
131,4,51,6_hard_full,38,1
132,4,61,6_hard_full,37,1
133,4,57,6_hard_full,37,1
134,4,63,6_hard_full,38,1
135,16,28,6_hard_full,36,0
136,16,26,6_hard_full,36,0
137,16,31,6_hard_full,36,0
138,4,58,6_hard_full,37,1
139,4,58,6_hard_full,38,1
140,16,44,6_hard_full,36,0
141,16,27,6_hard_full,36,0
142,4,64,6_hard_full,38,1
143,4,68,6_hard_full,38,1
144,4,50,6_hard_full,36,1
145,16,27,6_hard_full,36,0
146,4,67,6_hard_full,38,1
147,16,29,6_hard_full,36,0
148,4,61,6_hard_full,36,1
149,16,27,6_hard_full,36,0
150,16,41,6_hard_full,37,0
151,4,62,6_hard_full,38,1
152,16,29,6_hard_full,36,0
153,4,65,6_hard_full,36,1
154,4,52,6_hard_full,38,1
155,4,46,6_hard_full,37,1
156,16,38,6_hard_full,37,0
157,4,59,6_hard_full,38,1
158,21,25,6_hard_full,36,0
159,4,58,6_hard_full,37,1
160,4,60,6_hard_full,38,1
161,16,68,6_hard_full,38,0
162,4,52,6_hard_full,36,1
163,16,26,6_hard_full,36,0
164,16,60,6_hard_full,38,0
165,4,60,6_hard_full,38,1
166,21,22,6_hard_full,36,0
167,16,26,6_hard_full,36,0
168,16,61,6_hard_full,38,0
169,21,25,6_hard_full,36,0
170,16,30,6_hard_full,36,0
171,16,24,6_hard_full,36,0
172,16,42,6_hard_full,37,0
173,16,24,6_hard_full,36,0
174,16,48,6_hard_full,36,0
175,21,24,6_hard_full,36,0
176,16,38,6_hard_full,37,0
177,4,57,6_hard_full,35,1
178,16,24,6_hard_full,36,0
179,4,56,6_hard_full,38,1
180,4,57,6_hard_full,36,1
181,16,28,6_hard_full,36,0
182,21,22,6_hard_full,36,0
183,16,74,6_hard_full,38,0
184,4,58,6_hard_full,36,1
185,4,57,6_hard_full,36,1
186,4,58,6_hard_full,38,1
187,4,54,6_hard_full,38,1
188,4,57,6_hard_full,38,1
189,4,54,6_hard_full,38,1
190,4,48,6_hard_full,37,1
191,16,65,6_hard_full,38,0
192,16,26,6_hard_full,36,0
193,16,31,6_hard_full,36,0
194,4,64,6_hard_full,38,1
195,4,50,6_hard_full,37,1
196,4,52,6_hard_full,36,1
197,16,39,6_hard_full,37,0
198,4,53,6_hard_full,36,1
199,16,32,6_hard_full,36,0
0,15,49,6_hard_pruned,39,0
1,21,28,6_hard_pruned,36,0
2,16,61,6_hard_pruned,38,0
3,15,56,6_hard_pruned,36,0
4,21,26,6_hard_pruned,36,0
5,16,57,6_hard_pruned,36,0
6,15,56,6_hard_pruned,39,0
7,21,67,6_hard_pruned,38,0
8,16,66,6_hard_pruned,37,0
9,21,27,6_hard_pruned,36,0
10,16,27,6_hard_pruned,36,0
11,15,51,6_hard_pruned,37,0
12,15,53,6_hard_pruned,39,0
13,15,55,6_hard_pruned,35,0
14,15,64,6_hard_pruned,35,0
15,15,57,6_hard_pruned,37,0
16,15,56,6_hard_pruned,38,0
17,21,26,6_hard_pruned,36,0
18,16,39,6_hard_pruned,37,0
19,16,55,6_hard_pruned,38,0
20,15,61,6_hard_pruned,38,0
21,16,42,6_hard_pruned,39,0
22,16,53,6_hard_pruned,38,0
23,15,44,6_hard_pruned,37,0
24,21,27,6_hard_pruned,36,0
25,21,54,6_hard_pruned,36,0
26,21,48,6_hard_pruned,37,0
27,21,26,6_hard_pruned,36,0
28,15,56,6_hard_pruned,35,0
29,21,25,6_hard_pruned,36,0
30,15,60,6_hard_pruned,35,0
31,15,55,6_hard_pruned,40,0
32,21,25,6_hard_pruned,36,0
33,15,60,6_hard_pruned,38,0
34,16,40,6_hard_pruned,36,0
35,16,41,6_hard_pruned,37,0
36,21,27,6_hard_pruned,36,0
37,21,44,6_hard_pruned,37,0
38,16,60,6_hard_pruned,38,0
39,16,24,6_hard_pruned,36,0
40,15,62,6_hard_pruned,37,0
41,15,50,6_hard_pruned,40,0
42,16,26,6_hard_pruned,36,0
43,21,59,6_hard_pruned,38,0
44,15,59,6_hard_pruned,35,0
45,21,50,6_hard_pruned,39,0
46,15,56,6_hard_pruned,35,0
47,16,62,6_hard_pruned,37,0
48,16,55,6_hard_pruned,37,0
49,15,61,6_hard_pruned,37,0
50,15,53,6_hard_pruned,38,0
51,15,64,6_hard_pruned,36,0
52,15,54,6_hard_pruned,37,0
53,16,46,6_hard_pruned,37,0
54,15,53,6_hard_pruned,37,0
55,16,26,6_hard_pruned,36,0
56,21,24,6_hard_pruned,36,0
57,16,28,6_hard_pruned,36,0
58,16,56,6_hard_pruned,37,0
59,15,62,6_hard_pruned,37,0
60,15,56,6_hard_pruned,38,0
61,16,35,6_hard_pruned,37,0
62,16,28,6_hard_pruned,36,0
63,21,26,6_hard_pruned,36,0
64,16,40,6_hard_pruned,37,0
65,15,47,6_hard_pruned,37,0
66,15,54,6_hard_pruned,36,0
67,21,27,6_hard_pruned,36,0
68,16,54,6_hard_pruned,37,0
69,15,45,6_hard_pruned,37,0
70,15,43,6_hard_pruned,37,0
71,16,26,6_hard_pruned,36,0
72,15,60,6_hard_pruned,37,0
73,15,53,6_hard_pruned,36,0
74,16,40,6_hard_pruned,37,0
75,16,58,6_hard_pruned,37,0
76,15,46,6_hard_pruned,37,0
77,16,25,6_hard_pruned,36,0
78,15,43,6_hard_pruned,37,0
79,16,36,6_hard_pruned,37,0
80,16,25,6_hard_pruned,36,0
81,16,40,6_hard_pruned,36,0
82,21,62,6_hard_pruned,38,0
83,16,24,6_hard_pruned,36,0
84,16,41,6_hard_pruned,36,0
85,15,52,6_hard_pruned,37,0
86,21,49,6_hard_pruned,37,0
87,15,52,6_hard_pruned,36,0
88,15,47,6_hard_pruned,37,0
89,16,28,6_hard_pruned,36,0
90,21,63,6_hard_pruned,38,0
91,15,54,6_hard_pruned,36,0
92,15,53,6_hard_pruned,36,0
93,21,51,6_hard_pruned,37,0
94,15,57,6_hard_pruned,35,0
95,15,56,6_hard_pruned,35,0
96,16,25,6_hard_pruned,36,0
97,16,26,6_hard_pruned,36,0
98,15,57,6_hard_pruned,35,0
99,15,45,6_hard_pruned,37,0
100,21,52,6_hard_pruned,39,0
101,15,45,6_hard_pruned,37,0
102,15,57,6_hard_pruned,37,0
103,15,55,6_hard_pruned,36,0
104,15,50,6_hard_pruned,37,0
105,15,53,6_hard_pruned,35,0
106,15,61,6_hard_pruned,36,0
107,16,53,6_hard_pruned,37,0
108,15,58,6_hard_pruned,35,0
109,15,67,6_hard_pruned,37,0
110,21,56,6_hard_pruned,37,0
111,15,54,6_hard_pruned,36,0
112,15,57,6_hard_pruned,35,0
113,21,52,6_hard_pruned,39,0
114,15,52,6_hard_pruned,37,0
115,21,26,6_hard_pruned,36,0
116,16,66,6_hard_pruned,36,0
117,21,26,6_hard_pruned,36,0
118,15,48,6_hard_pruned,37,0
119,16,28,6_hard_pruned,36,0
120,15,54,6_hard_pruned,37,0
121,16,65,6_hard_pruned,38,0
122,21,27,6_hard_pruned,36,0
123,21,54,6_hard_pruned,38,0
124,15,47,6_hard_pruned,35,0
125,16,55,6_hard_pruned,36,0
126,21,53,6_hard_pruned,37,0
127,21,27,6_hard_pruned,36,0
128,21,29,6_hard_pruned,36,0
129,15,55,6_hard_pruned,37,0
130,15,42,6_hard_pruned,37,0
131,15,59,6_hard_pruned,39,0
132,15,56,6_hard_pruned,35,0
133,21,28,6_hard_pruned,36,0
134,21,38,6_hard_pruned,39,0
135,15,60,6_hard_pruned,38,0
136,16,28,6_hard_pruned,36,0
137,16,40,6_hard_pruned,36,0
138,16,53,6_hard_pruned,39,0
139,15,56,6_hard_pruned,35,0
140,16,38,6_hard_pruned,39,0
141,15,50,6_hard_pruned,40,0
142,16,39,6_hard_pruned,37,0
143,16,55,6_hard_pruned,36,0
144,16,39,6_hard_pruned,39,0
145,21,52,6_hard_pruned,39,0
146,15,52,6_hard_pruned,37,0
147,15,64,6_hard_pruned,37,0
148,15,58,6_hard_pruned,36,0
149,15,51,6_hard_pruned,37,0
150,15,52,6_hard_pruned,37,0
151,16,27,6_hard_pruned,36,0
152,15,63,6_hard_pruned,38,0
153,16,38,6_hard_pruned,37,0
154,15,59,6_hard_pruned,38,0
155,15,53,6_hard_pruned,37,0
156,15,55,6_hard_pruned,37,0
157,16,30,6_hard_pruned,36,0
158,15,64,6_hard_pruned,38,0
159,21,25,6_hard_pruned,36,0
160,21,54,6_hard_pruned,39,0
161,16,57,6_hard_pruned,37,0
162,15,56,6_hard_pruned,35,0
163,16,54,6_hard_pruned,37,0
164,16,49,6_hard_pruned,37,0
165,15,51,6_hard_pruned,39,0
166,21,26,6_hard_pruned,36,0
167,21,27,6_hard_pruned,36,0
168,15,48,6_hard_pruned,37,0
169,15,50,6_hard_pruned,39,0
170,15,58,6_hard_pruned,36,0
171,16,39,6_hard_pruned,39,0
172,16,26,6_hard_pruned,36,0
173,15,64,6_hard_pruned,37,0
174,16,57,6_hard_pruned,36,0
175,15,52,6_hard_pruned,39,0
176,15,55,6_hard_pruned,37,0
177,15,51,6_hard_pruned,36,0
178,15,62,6_hard_pruned,37,0
179,15,51,6_hard_pruned,37,0
180,15,53,6_hard_pruned,36,0
181,16,56,6_hard_pruned,37,0
182,16,25,6_hard_pruned,36,0
183,15,54,6_hard_pruned,37,0
184,15,56,6_hard_pruned,39,0
185,15,55,6_hard_pruned,37,0
186,21,26,6_hard_pruned,36,0
187,15,51,6_hard_pruned,38,0
188,15,59,6_hard_pruned,37,0
189,15,62,6_hard_pruned,37,0
190,16,28,6_hard_pruned,36,0
191,16,63,6_hard_pruned,38,0
192,15,52,6_hard_pruned,36,0
193,15,44,6_hard_pruned,37,0
194,15,60,6_hard_pruned,39,0
195,16,36,6_hard_pruned,37,0
196,15,55,6_hard_pruned,35,0
197,15,45,6_hard_pruned,37,0
198,15,52,6_hard_pruned,40,0
199,15,64,6_hard_pruned,37,0
