,move_limit,noise,k,board,tradeoff
0,30,0.0,3,10_easy_full,0
1,30,0.0,3,10_easy_pruned,0
2,30,0.0,3,10_hard_full,0
3,30,0.0,3,10_hard_pruned,0
4,30,0.0,3,10_medium_full,0
5,30,0.0,3,10_medium_pruned,0
6,30,0.0,3,6_easy_full,0
7,30,0.0,3,6_easy_pruned,0
8,30,0.0,3,6_hard_full,0
9,30,0.0,3,6_hard_pruned,0
10,30,0.0,5,10_easy_full,0
11,30,0.0,5,10_easy_pruned,0
12,30,0.0,5,10_hard_full,0
13,30,0.0,5,10_hard_pruned,0
14,30,0.0,5,10_medium_full,0
15,30,0.0,5,10_medium_pruned,0
16,30,0.0,5,6_easy_full,0
17,30,0.0,5,6_easy_pruned,1
18,30,0.0,5,6_hard_full,0
19,30,0.0,5,6_hard_pruned,0
20,30,0.0,7,10_easy_full,0
21,30,0.0,7,10_easy_pruned,0
22,30,0.0,7,10_hard_full,0
23,30,0.0,7,10_hard_pruned,0
24,30,0.0,7,10_medium_full,0
25,30,0.0,7,10_medium_pruned,0
26,30,0.0,7,6_easy_full,0
27,30,0.0,7,6_easy_pruned,1
28,30,0.0,7,6_hard_full,0
29,30,0.0,7,6_hard_pruned,0
30,30,0.0,10,10_easy_full,0
31,30,0.0,10,10_easy_pruned,0
32,30,0.0,10,10_hard_full,0
33,30,0.0,10,10_hard_pruned,0
34,30,0.0,10,10_medium_full,0
35,30,0.0,10,10_medium_pruned,0
36,30,0.0,10,6_easy_full,1
37,30,0.0,10,6_easy_pruned,0
38,30,0.0,10,6_hard_full,0
39,30,0.0,10,6_hard_pruned,0
40,30,0.25,3,10_easy_full,0
41,30,0.25,3,10_easy_pruned,0
42,30,0.25,3,10_hard_full,0
43,30,0.25,3,10_hard_pruned,0
44,30,0.25,3,10_medium_full,0
45,30,0.25,3,10_medium_pruned,0
46,30,0.25,3,6_easy_full,0
47,30,0.25,3,6_easy_pruned,1
48,30,0.25,3,6_hard_full,0
49,30,0.25,3,6_hard_pruned,0
50,30,0.25,5,10_easy_full,0
51,30,0.25,5,10_easy_pruned,0
52,30,0.25,5,10_hard_full,0
53,30,0.25,5,10_hard_pruned,1
54,30,0.25,5,10_medium_full,1
55,30,0.25,5,10_medium_pruned,0
56,30,0.25,5,6_easy_full,1
57,30,0.25,5,6_easy_pruned,0
58,30,0.25,5,6_hard_full,0
59,30,0.25,5,6_hard_pruned,0
60,30,0.25,7,10_easy_full,0
61,30,0.25,7,10_easy_pruned,1
62,30,0.25,7,10_hard_full,0
63,30,0.25,7,10_hard_pruned,0
64,30,0.25,7,10_medium_full,1
65,30,0.25,7,10_medium_pruned,0
66,30,0.25,7,6_easy_full,0
67,30,0.25,7,6_easy_pruned,1
68,30,0.25,7,6_hard_full,0
69,30,0.25,7,6_hard_pruned,0
70,30,0.25,10,10_easy_full,1
71,30,0.25,10,10_easy_pruned,0
72,30,0.25,10,10_hard_full,0
73,30,0.25,10,10_hard_pruned,0
74,30,0.25,10,10_medium_full,0
75,30,0.25,10,10_medium_pruned,0
76,30,0.25,10,6_easy_full,0
77,30,0.25,10,6_easy_pruned,1
78,30,0.25,10,6_hard_full,0
79,30,0.25,10,6_hard_pruned,0
80,30,0.5,3,10_easy_full,0
81,30,0.5,3,10_easy_pruned,0
82,30,0.5,3,10_hard_full,0
83,30,0.5,3,10_hard_pruned,0
84,30,0.5,3,10_medium_full,1
85,30,0.5,3,10_medium_pruned,0
86,30,0.5,3,6_easy_full,0
87,30,0.5,3,6_easy_pruned,1
88,30,0.5,3,6_hard_full,0
89,30,0.5,3,6_hard_pruned,0
90,30,0.5,5,10_easy_full,0
91,30,0.5,5,10_easy_pruned,0
92,30,0.5,5,10_hard_full,0
93,30,0.5,5,10_hard_pruned,0
94,30,0.5,5,10_medium_full,1
95,30,0.5,5,10_medium_pruned,0
96,30,0.5,5,6_easy_full,1
97,30,0.5,5,6_easy_pruned,0
98,30,0.5,5,6_hard_full,0
99,30,0.5,5,6_hard_pruned,0
100,30,0.5,7,10_easy_full,0
101,30,0.5,7,10_easy_pruned,0
102,30,0.5,7,10_hard_full,0
103,30,0.5,7,10_hard_pruned,0
104,30,0.5,7,10_medium_full,0
105,30,0.5,7,10_medium_pruned,1
106,30,0.5,7,6_easy_full,1
107,30,0.5,7,6_easy_pruned,1
108,30,0.5,7,6_hard_full,0
109,30,0.5,7,6_hard_pruned,0
110,30,0.5,10,10_easy_full,0
111,30,0.5,10,10_easy_pruned,0
112,30,0.5,10,10_hard_full,0
113,30,0.5,10,10_hard_pruned,0
114,30,0.5,10,10_medium_full,0
115,30,0.5,10,10_medium_pruned,0
116,30,0.5,10,6_easy_full,1
117,30,0.5,10,6_easy_pruned,0
118,30,0.5,10,6_hard_full,0
119,30,0.5,10,6_hard_pruned,0
120,30,0.75,3,10_easy_full,0
121,30,0.75,3,10_easy_pruned,0
122,30,0.75,3,10_hard_full,1
123,30,0.75,3,10_hard_pruned,0
124,30,0.75,3,10_medium_full,0
125,30,0.75,3,10_medium_pruned,0
126,30,0.75,3,6_easy_full,1
127,30,0.75,3,6_easy_pruned,1
128,30,0.75,3,6_hard_full,0
129,30,0.75,3,6_hard_pruned,0
130,30,0.75,5,10_easy_full,0
131,30,0.75,5,10_easy_pruned,0
132,30,0.75,5,10_hard_full,0
133,30,0.75,5,10_hard_pruned,1
134,30,0.75,5,10_medium_full,0
135,30,0.75,5,10_medium_pruned,1
136,30,0.75,5,6_easy_full,1
137,30,0.75,5,6_easy_pruned,1
138,30,0.75,5,6_hard_full,0
139,30,0.75,5,6_hard_pruned,1
140,30,0.75,7,10_easy_full,0
141,30,0.75,7,10_easy_pruned,0
142,30,0.75,7,10_hard_full,0
143,30,0.75,7,10_hard_pruned,0
144,30,0.75,7,10_medium_full,0
145,30,0.75,7,10_medium_pruned,0
146,30,0.75,7,6_easy_full,1
147,30,0.75,7,6_easy_pruned,0
148,30,0.75,7,6_hard_full,1
149,30,0.75,7,6_hard_pruned,0
150,30,0.75,10,10_easy_full,0
151,30,0.75,10,10_easy_pruned,0
152,30,0.75,10,10_hard_full,0
153,30,0.75,10,10_hard_pruned,0
154,30,0.75,10,10_medium_full,0
155,30,0.75,10,10_medium_pruned,0
156,30,0.75,10,6_easy_full,0
157,30,0.75,10,6_easy_pruned,1
158,30,0.75,10,6_hard_full,0
159,30,0.75,10,6_hard_pruned,0
160,30,1.0,3,10_easy_full,0
161,30,1.0,3,10_easy_pruned,0
162,30,1.0,3,10_hard_full,0
163,30,1.0,3,10_hard_pruned,1
164,30,1.0,3,10_medium_full,0
165,30,1.0,3,10_medium_pruned,1
166,30,1.0,3,6_easy_full,0
167,30,1.0,3,6_easy_pruned,0
168,30,1.0,3,6_hard_full,0
169,30,1.0,3,6_hard_pruned,0
170,30,1.0,5,10_easy_full,0
171,30,1.0,5,10_easy_pruned,0
172,30,1.0,5,10_hard_full,0
173,30,1.0,5,10_hard_pruned,0
174,30,1.0,5,10_medium_full,0
175,30,1.0,5,10_medium_pruned,0
176,30,1.0,5,6_easy_full,0
177,30,1.0,5,6_easy_pruned,1
178,30,1.0,5,6_hard_full,0
179,30,1.0,5,6_hard_pruned,0
180,30,1.0,7,10_easy_full,0
181,30,1.0,7,10_easy_pruned,1
182,30,1.0,7,10_hard_full,0
183,30,1.0,7,10_hard_pruned,0
184,30,1.0,7,10_medium_full,0
185,30,1.0,7,10_medium_pruned,1
186,30,1.0,7,6_easy_full,1
187,30,1.0,7,6_easy_pruned,1
188,30,1.0,7,6_hard_full,0
189,30,1.0,7,6_hard_pruned,0
190,30,1.0,10,10_easy_full,0
191,30,1.0,10,10_easy_pruned,0
192,30,1.0,10,10_hard_full,0
193,30,1.0,10,10_hard_pruned,0
194,30,1.0,10,10_medium_full,0
195,30,1.0,10,10_medium_pruned,1
196,30,1.0,10,6_easy_full,1
197,30,1.0,10,6_easy_pruned,1
198,30,1.0,10,6_hard_full,0
199,30,1.0,10,6_hard_pruned,0
200,30,1.25,3,10_easy_full,0
201,30,1.25,3,10_easy_pruned,0
202,30,1.25,3,10_hard_full,0
203,30,1.25,3,10_hard_pruned,1
204,30,1.25,3,10_medium_full,0
205,30,1.25,3,10_medium_pruned,0
206,30,1.25,3,6_easy_full,0
207,30,1.25,3,6_easy_pruned,0
208,30,1.25,3,6_hard_full,0
209,30,1.25,3,6_hard_pruned,0
210,30,1.25,5,10_easy_full,1
211,30,1.25,5,10_easy_pruned,1
212,30,1.25,5,10_hard_full,0
213,30,1.25,5,10_hard_pruned,0
214,30,1.25,5,10_medium_full,0
215,30,1.25,5,10_medium_pruned,1
216,30,1.25,5,6_easy_full,1
217,30,1.25,5,6_easy_pruned,1
218,30,1.25,5,6_hard_full,0
219,30,1.25,5,6_hard_pruned,0
220,30,1.25,7,10_easy_full,0
221,30,1.25,7,10_easy_pruned,0
222,30,1.25,7,10_hard_full,0
223,30,1.25,7,10_hard_pruned,0
224,30,1.25,7,10_medium_full,0
225,30,1.25,7,10_medium_pruned,0
226,30,1.25,7,6_easy_full,1
227,30,1.25,7,6_easy_pruned,0
228,30,1.25,7,6_hard_full,0
229,30,1.25,7,6_hard_pruned,0
230,30,1.25,10,10_easy_full,0
231,30,1.25,10,10_easy_pruned,1
232,30,1.25,10,10_hard_full,0
233,30,1.25,10,10_hard_pruned,0
234,30,1.25,10,10_medium_full,0
235,30,1.25,10,10_medium_pruned,1
236,30,1.25,10,6_easy_full,1
237,30,1.25,10,6_easy_pruned,1
238,30,1.25,10,6_hard_full,0
239,30,1.25,10,6_hard_pruned,0
240,30,1.5,3,10_easy_full,1
241,30,1.5,3,10_easy_pruned,0
242,30,1.5,3,10_hard_full,1
243,30,1.5,3,10_hard_pruned,0
244,30,1.5,3,10_medium_full,0
245,30,1.5,3,10_medium_pruned,0
246,30,1.5,3,6_easy_full,1
247,30,1.5,3,6_easy_pruned,1
248,30,1.5,3,6_hard_full,0
249,30,1.5,3,6_hard_pruned,0
250,30,1.5,5,10_easy_full,1
251,30,1.5,5,10_easy_pruned,1
252,30,1.5,5,10_hard_full,0
253,30,1.5,5,10_hard_pruned,0
254,30,1.5,5,10_medium_full,0
255,30,1.5,5,10_medium_pruned,0
256,30,1.5,5,6_easy_full,0
257,30,1.5,5,6_easy_pruned,1
258,30,1.5,5,6_hard_full,0
259,30,1.5,5,6_hard_pruned,0
260,30,1.5,7,10_easy_full,1
261,30,1.5,7,10_easy_pruned,1
262,30,1.5,7,10_hard_full,0
263,30,1.5,7,10_hard_pruned,0
264,30,1.5,7,10_medium_full,0
265,30,1.5,7,10_medium_pruned,1
266,30,1.5,7,6_easy_full,1
267,30,1.5,7,6_easy_pruned,1
268,30,1.5,7,6_hard_full,0
269,30,1.5,7,6_hard_pruned,0
270,30,1.5,10,10_easy_full,0
271,30,1.5,10,10_easy_pruned,1
272,30,1.5,10,10_hard_full,0
273,30,1.5,10,10_hard_pruned,0
274,30,1.5,10,10_medium_full,0
275,30,1.5,10,10_medium_pruned,0
276,30,1.5,10,6_easy_full,1
277,30,1.5,10,6_easy_pruned,1
278,30,1.5,10,6_hard_full,0
279,30,1.5,10,6_hard_pruned,0
280,30,1.75,3,10_easy_full,0
281,30,1.75,3,10_easy_pruned,0
282,30,1.75,3,10_hard_full,1
283,30,1.75,3,10_hard_pruned,0
284,30,1.75,3,10_medium_full,0
285,30,1.75,3,10_medium_pruned,0
286,30,1.75,3,6_easy_full,1
287,30,1.75,3,6_easy_pruned,0
288,30,1.75,3,6_hard_full,0
289,30,1.75,3,6_hard_pruned,0
290,30,1.75,5,10_easy_full,0
291,30,1.75,5,10_easy_pruned,0
292,30,1.75,5,10_hard_full,0
293,30,1.75,5,10_hard_pruned,0
294,30,1.75,5,10_medium_full,1
295,30,1.75,5,10_medium_pruned,1
296,30,1.75,5,6_easy_full,1
297,30,1.75,5,6_easy_pruned,0
298,30,1.75,5,6_hard_full,0
299,30,1.75,5,6_hard_pruned,0
300,30,1.75,7,10_easy_full,0
301,30,1.75,7,10_easy_pruned,0
302,30,1.75,7,10_hard_full,1
303,30,1.75,7,10_hard_pruned,0
304,30,1.75,7,10_medium_full,0
305,30,1.75,7,10_medium_pruned,1
306,30,1.75,7,6_easy_full,1
307,30,1.75,7,6_easy_pruned,1
308,30,1.75,7,6_hard_full,1
309,30,1.75,7,6_hard_pruned,0
310,30,1.75,10,10_easy_full,0
311,30,1.75,10,10_easy_pruned,0
312,30,1.75,10,10_hard_full,0
313,30,1.75,10,10_hard_pruned,0
314,30,1.75,10,10_medium_full,0
315,30,1.75,10,10_medium_pruned,0
316,30,1.75,10,6_easy_full,0
317,30,1.75,10,6_easy_pruned,1
318,30,1.75,10,6_hard_full,1
319,30,1.75,10,6_hard_pruned,0
320,30,2.0,3,10_easy_full,0
321,30,2.0,3,10_easy_pruned,1
322,30,2.0,3,10_hard_full,0
323,30,2.0,3,10_hard_pruned,0
324,30,2.0,3,10_medium_full,0
325,30,2.0,3,10_medium_pruned,0
326,30,2.0,3,6_easy_full,0
327,30,2.0,3,6_easy_pruned,0
328,30,2.0,3,6_hard_full,0
329,30,2.0,3,6_hard_pruned,0
330,30,2.0,5,10_easy_full,0
331,30,2.0,5,10_easy_pruned,0
332,30,2.0,5,10_hard_full,1
333,30,2.0,5,10_hard_pruned,0
334,30,2.0,5,10_medium_full,0
335,30,2.0,5,10_medium_pruned,0
336,30,2.0,5,6_easy_full,0
337,30,2.0,5,6_easy_pruned,1
338,30,2.0,5,6_hard_full,0
339,30,2.0,5,6_hard_pruned,0
340,30,2.0,7,10_easy_full,0
341,30,2.0,7,10_easy_pruned,1
342,30,2.0,7,10_hard_full,0
343,30,2.0,7,10_hard_pruned,0
344,30,2.0,7,10_medium_full,0
345,30,2.0,7,10_medium_pruned,0
346,30,2.0,7,6_easy_full,0
347,30,2.0,7,6_easy_pruned,1
348,30,2.0,7,6_hard_full,0
349,30,2.0,7,6_hard_pruned,0
350,30,2.0,10,10_easy_full,0
351,30,2.0,10,10_easy_pruned,0
352,30,2.0,10,10_hard_full,0
353,30,2.0,10,10_hard_pruned,0
354,30,2.0,10,10_medium_full,0
355,30,2.0,10,10_medium_pruned,0
356,30,2.0,10,6_easy_full,0
357,30,2.0,10,6_easy_pruned,1
358,30,2.0,10,6_hard_full,0
359,30,2.0,10,6_hard_pruned,0
360,30,2.25,3,10_easy_full,0
361,30,2.25,3,10_easy_pruned,0
362,30,2.25,3,10_hard_full,1
363,30,2.25,3,10_hard_pruned,1
364,30,2.25,3,10_medium_full,0
365,30,2.25,3,10_medium_pruned,1
366,30,2.25,3,6_easy_full,0
367,30,2.25,3,6_easy_pruned,1
368,30,2.25,3,6_hard_full,0
369,30,2.25,3,6_hard_pruned,0
370,30,2.25,5,10_easy_full,0
371,30,2.25,5,10_easy_pruned,0
372,30,2.25,5,10_hard_full,0
373,30,2.25,5,10_hard_pruned,0
374,30,2.25,5,10_medium_full,0
375,30,2.25,5,10_medium_pruned,1
376,30,2.25,5,6_easy_full,0
377,30,2.25,5,6_easy_pruned,1
378,30,2.25,5,6_hard_full,0
379,30,2.25,5,6_hard_pruned,0
380,30,2.25,7,10_easy_full,0
381,30,2.25,7,10_easy_pruned,1
382,30,2.25,7,10_hard_full,0
383,30,2.25,7,10_hard_pruned,0
384,30,2.25,7,10_medium_full,0
385,30,2.25,7,10_medium_pruned,1
386,30,2.25,7,6_easy_full,0
387,30,2.25,7,6_easy_pruned,0
388,30,2.25,7,6_hard_full,0
389,30,2.25,7,6_hard_pruned,0
390,30,2.25,10,10_easy_full,0
391,30,2.25,10,10_easy_pruned,0
392,30,2.25,10,10_hard_full,0
393,30,2.25,10,10_hard_pruned,0
394,30,2.25,10,10_medium_full,0
395,30,2.25,10,10_medium_pruned,0
396,30,2.25,10,6_easy_full,1
397,30,2.25,10,6_easy_pruned,0
398,30,2.25,10,6_hard_full,0
399,30,2.25,10,6_hard_pruned,0
400,30,2.5,3,10_easy_full,0
401,30,2.5,3,10_easy_pruned,0
402,30,2.5,3,10_hard_full,0
403,30,2.5,3,10_hard_pruned,0
404,30,2.5,3,10_medium_full,1
405,30,2.5,3,10_medium_pruned,0
406,30,2.5,3,6_easy_full,1
407,30,2.5,3,6_easy_pruned,0
408,30,2.5,3,6_hard_full,1
409,30,2.5,3,6_hard_pruned,0
410,30,2.5,5,10_easy_full,0
411,30,2.5,5,10_easy_pruned,0
412,30,2.5,5,10_hard_full,0
413,30,2.5,5,10_hard_pruned,1
414,30,2.5,5,10_medium_full,0
415,30,2.5,5,10_medium_pruned,1
416,30,2.5,5,6_easy_full,1
417,30,2.5,5,6_easy_pruned,0
418,30,2.5,5,6_hard_full,0
419,30,2.5,5,6_hard_pruned,0
420,30,2.5,7,10_easy_full,0
421,30,2.5,7,10_easy_pruned,1
422,30,2.5,7,10_hard_full,0
423,30,2.5,7,10_hard_pruned,0
424,30,2.5,7,10_medium_full,0
425,30,2.5,7,10_medium_pruned,1
426,30,2.5,7,6_easy_full,1
427,30,2.5,7,6_easy_pruned,1
428,30,2.5,7,6_hard_full,0
429,30,2.5,7,6_hard_pruned,0
430,30,2.5,10,10_easy_full,0
431,30,2.5,10,10_easy_pruned,1
432,30,2.5,10,10_hard_full,0
433,30,2.5,10,10_hard_pruned,1
434,30,2.5,10,10_medium_full,0
435,30,2.5,10,10_medium_pruned,0
436,30,2.5,10,6_easy_full,1
437,30,2.5,10,6_easy_pruned,1
438,30,2.5,10,6_hard_full,0
439,30,2.5,10,6_hard_pruned,0
440,50,0.0,3,10_easy_full,0
441,50,0.0,3,10_easy_pruned,0
442,50,0.0,3,10_hard_full,0
443,50,0.0,3,10_hard_pruned,0
444,50,0.0,3,10_medium_full,0
445,50,0.0,3,10_medium_pruned,0
446,50,0.0,3,6_easy_full,0
447,50,0.0,3,6_easy_pruned,0
448,50,0.0,3,6_hard_full,0
449,50,0.0,3,6_hard_pruned,0
450,50,0.0,5,10_easy_full,0
451,50,0.0,5,10_easy_pruned,0
452,50,0.0,5,10_hard_full,0
453,50,0.0,5,10_hard_pruned,0
454,50,0.0,5,10_medium_full,0
455,50,0.0,5,10_medium_pruned,0
456,50,0.0,5,6_easy_full,0
457,50,0.0,5,6_easy_pruned,0
458,50,0.0,5,6_hard_full,0
459,50,0.0,5,6_hard_pruned,0
460,50,0.0,7,10_easy_full,0
461,50,0.0,7,10_easy_pruned,1
462,50,0.0,7,10_hard_full,0
463,50,0.0,7,10_hard_pruned,0
464,50,0.0,7,10_medium_full,0
465,50,0.0,7,10_medium_pruned,0
466,50,0.0,7,6_easy_full,0
467,50,0.0,7,6_easy_pruned,0
468,50,0.0,7,6_hard_full,0
469,50,0.0,7,6_hard_pruned,0
470,50,0.0,10,10_easy_full,1
471,50,0.0,10,10_easy_pruned,0
472,50,0.0,10,10_hard_full,0
473,50,0.0,10,10_hard_pruned,0
474,50,0.0,10,10_medium_full,0
475,50,0.0,10,10_medium_pruned,1
476,50,0.0,10,6_easy_full,0
477,50,0.0,10,6_easy_pruned,0
478,50,0.0,10,6_hard_full,0
479,50,0.0,10,6_hard_pruned,0
480,50,0.25,3,10_easy_full,0
481,50,0.25,3,10_easy_pruned,1
482,50,0.25,3,10_hard_full,0
483,50,0.25,3,10_hard_pruned,0
484,50,0.25,3,10_medium_full,0
485,50,0.25,3,10_medium_pruned,0
486,50,0.25,3,6_easy_full,0
487,50,0.25,3,6_easy_pruned,0
488,50,0.25,3,6_hard_full,0
489,50,0.25,3,6_hard_pruned,0
490,50,0.25,5,10_easy_full,1
491,50,0.25,5,10_easy_pruned,0
492,50,0.25,5,10_hard_full,0
493,50,0.25,5,10_hard_pruned,0
494,50,0.25,5,10_medium_full,0
495,50,0.25,5,10_medium_pruned,0
496,50,0.25,5,6_easy_full,1
497,50,0.25,5,6_easy_pruned,0
498,50,0.25,5,6_hard_full,0
499,50,0.25,5,6_hard_pruned,0
500,50,0.25,7,10_easy_full,0
501,50,0.25,7,10_easy_pruned,0
502,50,0.25,7,10_hard_full,0
503,50,0.25,7,10_hard_pruned,0
504,50,0.25,7,10_medium_full,0
505,50,0.25,7,10_medium_pruned,0
506,50,0.25,7,6_easy_full,1
507,50,0.25,7,6_easy_pruned,0
508,50,0.25,7,6_hard_full,0
509,50,0.25,7,6_hard_pruned,0
510,50,0.25,10,10_easy_full,0
511,50,0.25,10,10_easy_pruned,0
512,50,0.25,10,10_hard_full,0
513,50,0.25,10,10_hard_pruned,0
514,50,0.25,10,10_medium_full,0
515,50,0.25,10,10_medium_pruned,0
516,50,0.25,10,6_easy_full,0
517,50,0.25,10,6_easy_pruned,0
518,50,0.25,10,6_hard_full,0
519,50,0.25,10,6_hard_pruned,0
520,50,0.5,3,10_easy_full,1
521,50,0.5,3,10_easy_pruned,1
522,50,0.5,3,10_hard_full,0
523,50,0.5,3,10_hard_pruned,0
524,50,0.5,3,10_medium_full,0
525,50,0.5,3,10_medium_pruned,0
526,50,0.5,3,6_easy_full,1
527,50,0.5,3,6_easy_pruned,0
528,50,0.5,3,6_hard_full,0
529,50,0.5,3,6_hard_pruned,0
530,50,0.5,5,10_easy_full,0
531,50,0.5,5,10_easy_pruned,0
532,50,0.5,5,10_hard_full,0
533,50,0.5,5,10_hard_pruned,0
534,50,0.5,5,10_medium_full,0
535,50,0.5,5,10_medium_pruned,1
536,50,0.5,5,6_easy_full,1
537,50,0.5,5,6_easy_pruned,0
538,50,0.5,5,6_hard_full,0
539,50,0.5,5,6_hard_pruned,0
540,50,0.5,7,10_easy_full,0
541,50,0.5,7,10_easy_pruned,1
542,50,0.5,7,10_hard_full,0
543,50,0.5,7,10_hard_pruned,1
544,50,0.5,7,10_medium_full,1
545,50,0.5,7,10_medium_pruned,0
546,50,0.5,7,6_easy_full,0
547,50,0.5,7,6_easy_pruned,0
548,50,0.5,7,6_hard_full,0
549,50,0.5,7,6_hard_pruned,0
550,50,0.5,10,10_easy_full,0
551,50,0.5,10,10_easy_pruned,0
552,50,0.5,10,10_hard_full,0
553,50,0.5,10,10_hard_pruned,0
554,50,0.5,10,10_medium_full,0
555,50,0.5,10,10_medium_pruned,0
556,50,0.5,10,6_easy_full,1
557,50,0.5,10,6_easy_pruned,0
558,50,0.5,10,6_hard_full,0
559,50,0.5,10,6_hard_pruned,0
560,50,0.75,3,10_easy_full,0
561,50,0.75,3,10_easy_pruned,0
562,50,0.75,3,10_hard_full,0
563,50,0.75,3,10_hard_pruned,0
564,50,0.75,3,10_medium_full,1
565,50,0.75,3,10_medium_pruned,0
566,50,0.75,3,6_easy_full,0
567,50,0.75,3,6_easy_pruned,0
568,50,0.75,3,6_hard_full,0
569,50,0.75,3,6_hard_pruned,0
570,50,0.75,5,10_easy_full,0
571,50,0.75,5,10_easy_pruned,1
572,50,0.75,5,10_hard_full,0
573,50,0.75,5,10_hard_pruned,0
574,50,0.75,5,10_medium_full,1
575,50,0.75,5,10_medium_pruned,1
576,50,0.75,5,6_easy_full,1
577,50,0.75,5,6_easy_pruned,0
578,50,0.75,5,6_hard_full,0
579,50,0.75,5,6_hard_pruned,0
580,50,0.75,7,10_easy_full,0
581,50,0.75,7,10_easy_pruned,1
582,50,0.75,7,10_hard_full,0
583,50,0.75,7,10_hard_pruned,0
584,50,0.75,7,10_medium_full,0
585,50,0.75,7,10_medium_pruned,0
586,50,0.75,7,6_easy_full,0
587,50,0.75,7,6_easy_pruned,0
588,50,0.75,7,6_hard_full,0
589,50,0.75,7,6_hard_pruned,0
590,50,0.75,10,10_easy_full,0
591,50,0.75,10,10_easy_pruned,0
592,50,0.75,10,10_hard_full,0
593,50,0.75,10,10_hard_pruned,0
594,50,0.75,10,10_medium_full,0
595,50,0.75,10,10_medium_pruned,1
596,50,0.75,10,6_easy_full,0
597,50,0.75,10,6_easy_pruned,0
598,50,0.75,10,6_hard_full,0
599,50,0.75,10,6_hard_pruned,0
600,50,1.0,3,10_easy_full,0
601,50,1.0,3,10_easy_pruned,0
602,50,1.0,3,10_hard_full,0
603,50,1.0,3,10_hard_pruned,0
604,50,1.0,3,10_medium_full,0
605,50,1.0,3,10_medium_pruned,0
606,50,1.0,3,6_easy_full,1
607,50,1.0,3,6_easy_pruned,0
608,50,1.0,3,6_hard_full,0
609,50,1.0,3,6_hard_pruned,0
610,50,1.0,5,10_easy_full,0
611,50,1.0,5,10_easy_pruned,0
612,50,1.0,5,10_hard_full,0
613,50,1.0,5,10_hard_pruned,0
614,50,1.0,5,10_medium_full,0
615,50,1.0,5,10_medium_pruned,0
616,50,1.0,5,6_easy_full,1
617,50,1.0,5,6_easy_pruned,1
618,50,1.0,5,6_hard_full,0
619,50,1.0,5,6_hard_pruned,0
620,50,1.0,7,10_easy_full,0
621,50,1.0,7,10_easy_pruned,1
622,50,1.0,7,10_hard_full,0
623,50,1.0,7,10_hard_pruned,0
624,50,1.0,7,10_medium_full,0
625,50,1.0,7,10_medium_pruned,0
626,50,1.0,7,6_easy_full,1
627,50,1.0,7,6_easy_pruned,0
628,50,1.0,7,6_hard_full,0
629,50,1.0,7,6_hard_pruned,0
630,50,1.0,10,10_easy_full,0
631,50,1.0,10,10_easy_pruned,0
632,50,1.0,10,10_hard_full,0
633,50,1.0,10,10_hard_pruned,1
634,50,1.0,10,10_medium_full,0
635,50,1.0,10,10_medium_pruned,0
636,50,1.0,10,6_easy_full,1
637,50,1.0,10,6_easy_pruned,1
638,50,1.0,10,6_hard_full,0
639,50,1.0,10,6_hard_pruned,0
640,50,1.25,3,10_easy_full,1
641,50,1.25,3,10_easy_pruned,0
642,50,1.25,3,10_hard_full,0
643,50,1.25,3,10_hard_pruned,0
644,50,1.25,3,10_medium_full,0
645,50,1.25,3,10_medium_pruned,0
646,50,1.25,3,6_easy_full,0
647,50,1.25,3,6_easy_pruned,0
648,50,1.25,3,6_hard_full,0
649,50,1.25,3,6_hard_pruned,0
650,50,1.25,5,10_easy_full,0
651,50,1.25,5,10_easy_pruned,0
652,50,1.25,5,10_hard_full,0
653,50,1.25,5,10_hard_pruned,0
654,50,1.25,5,10_medium_full,0
655,50,1.25,5,10_medium_pruned,0
656,50,1.25,5,6_easy_full,1
657,50,1.25,5,6_easy_pruned,1
658,50,1.25,5,6_hard_full,0
659,50,1.25,5,6_hard_pruned,0
660,50,1.25,7,10_easy_full,0
661,50,1.25,7,10_easy_pruned,0
662,50,1.25,7,10_hard_full,0
663,50,1.25,7,10_hard_pruned,0
664,50,1.25,7,10_medium_full,1
665,50,1.25,7,10_medium_pruned,0
666,50,1.25,7,6_easy_full,1
667,50,1.25,7,6_easy_pruned,0
668,50,1.25,7,6_hard_full,0
669,50,1.25,7,6_hard_pruned,0
670,50,1.25,10,10_easy_full,1
671,50,1.25,10,10_easy_pruned,0
672,50,1.25,10,10_hard_full,0
673,50,1.25,10,10_hard_pruned,0
674,50,1.25,10,10_medium_full,0
675,50,1.25,10,10_medium_pruned,0
676,50,1.25,10,6_easy_full,1
677,50,1.25,10,6_easy_pruned,1
678,50,1.25,10,6_hard_full,0
679,50,1.25,10,6_hard_pruned,0
680,50,1.5,3,10_easy_full,0
681,50,1.5,3,10_easy_pruned,1
682,50,1.5,3,10_hard_full,0
683,50,1.5,3,10_hard_pruned,1
684,50,1.5,3,10_medium_full,0
685,50,1.5,3,10_medium_pruned,0
686,50,1.5,3,6_easy_full,0
687,50,1.5,3,6_easy_pruned,1
688,50,1.5,3,6_hard_full,0
689,50,1.5,3,6_hard_pruned,0
690,50,1.5,5,10_easy_full,0
691,50,1.5,5,10_easy_pruned,0
692,50,1.5,5,10_hard_full,0
693,50,1.5,5,10_hard_pruned,0
694,50,1.5,5,10_medium_full,0
695,50,1.5,5,10_medium_pruned,0
696,50,1.5,5,6_easy_full,0
697,50,1.5,5,6_easy_pruned,1
698,50,1.5,5,6_hard_full,0
699,50,1.5,5,6_hard_pruned,0
700,50,1.5,7,10_easy_full,0
701,50,1.5,7,10_easy_pruned,0
702,50,1.5,7,10_hard_full,0
703,50,1.5,7,10_hard_pruned,0
704,50,1.5,7,10_medium_full,0
705,50,1.5,7,10_medium_pruned,0
706,50,1.5,7,6_easy_full,0
707,50,1.5,7,6_easy_pruned,1
708,50,1.5,7,6_hard_full,0
709,50,1.5,7,6_hard_pruned,0
710,50,1.5,10,10_easy_full,0
711,50,1.5,10,10_easy_pruned,0
712,50,1.5,10,10_hard_full,0
713,50,1.5,10,10_hard_pruned,0
714,50,1.5,10,10_medium_full,0
715,50,1.5,10,10_medium_pruned,0
716,50,1.5,10,6_easy_full,1
717,50,1.5,10,6_easy_pruned,1
718,50,1.5,10,6_hard_full,0
719,50,1.5,10,6_hard_pruned,1
720,50,1.75,3,10_easy_full,0
721,50,1.75,3,10_easy_pruned,0
722,50,1.75,3,10_hard_full,0
723,50,1.75,3,10_hard_pruned,0
724,50,1.75,3,10_medium_full,0
725,50,1.75,3,10_medium_pruned,0
726,50,1.75,3,6_easy_full,0
727,50,1.75,3,6_easy_pruned,0
728,50,1.75,3,6_hard_full,0
729,50,1.75,3,6_hard_pruned,0
730,50,1.75,5,10_easy_full,1
731,50,1.75,5,10_easy_pruned,0
732,50,1.75,5,10_hard_full,0
733,50,1.75,5,10_hard_pruned,0
734,50,1.75,5,10_medium_full,0
735,50,1.75,5,10_medium_pruned,0
736,50,1.75,5,6_easy_full,1
737,50,1.75,5,6_easy_pruned,0
738,50,1.75,5,6_hard_full,0
739,50,1.75,5,6_hard_pruned,0
740,50,1.75,7,10_easy_full,0
741,50,1.75,7,10_easy_pruned,0
742,50,1.75,7,10_hard_full,0
743,50,1.75,7,10_hard_pruned,1
744,50,1.75,7,10_medium_full,0
745,50,1.75,7,10_medium_pruned,0
746,50,1.75,7,6_easy_full,1
747,50,1.75,7,6_easy_pruned,1
748,50,1.75,7,6_hard_full,0
749,50,1.75,7,6_hard_pruned,0
750,50,1.75,10,10_easy_full,1
751,50,1.75,10,10_easy_pruned,0
752,50,1.75,10,10_hard_full,0
753,50,1.75,10,10_hard_pruned,1
754,50,1.75,10,10_medium_full,0
755,50,1.75,10,10_medium_pruned,0
756,50,1.75,10,6_easy_full,1
757,50,1.75,10,6_easy_pruned,1
758,50,1.75,10,6_hard_full,0
759,50,1.75,10,6_hard_pruned,0
760,50,2.0,3,10_easy_full,0
761,50,2.0,3,10_easy_pruned,0
762,50,2.0,3,10_hard_full,0
763,50,2.0,3,10_hard_pruned,0
764,50,2.0,3,10_medium_full,0
765,50,2.0,3,10_medium_pruned,1
766,50,2.0,3,6_easy_full,1
767,50,2.0,3,6_easy_pruned,1
768,50,2.0,3,6_hard_full,0
769,50,2.0,3,6_hard_pruned,0
770,50,2.0,5,10_easy_full,0
771,50,2.0,5,10_easy_pruned,0
772,50,2.0,5,10_hard_full,0
773,50,2.0,5,10_hard_pruned,0
774,50,2.0,5,10_medium_full,0
775,50,2.0,5,10_medium_pruned,0
776,50,2.0,5,6_easy_full,1
777,50,2.0,5,6_easy_pruned,1
778,50,2.0,5,6_hard_full,0
779,50,2.0,5,6_hard_pruned,0
780,50,2.0,7,10_easy_full,0
781,50,2.0,7,10_easy_pruned,1
782,50,2.0,7,10_hard_full,1
783,50,2.0,7,10_hard_pruned,0
784,50,2.0,7,10_medium_full,0
785,50,2.0,7,10_medium_pruned,1
786,50,2.0,7,6_easy_full,0
787,50,2.0,7,6_easy_pruned,1
788,50,2.0,7,6_hard_full,0
789,50,2.0,7,6_hard_pruned,0
790,50,2.0,10,10_easy_full,0
791,50,2.0,10,10_easy_pruned,1
792,50,2.0,10,10_hard_full,0
793,50,2.0,10,10_hard_pruned,0
794,50,2.0,10,10_medium_full,0
795,50,2.0,10,10_medium_pruned,1
796,50,2.0,10,6_easy_full,1
797,50,2.0,10,6_easy_pruned,1
798,50,2.0,10,6_hard_full,0
799,50,2.0,10,6_hard_pruned,0
800,50,2.25,3,10_easy_full,0
801,50,2.25,3,10_easy_pruned,0
802,50,2.25,3,10_hard_full,1
803,50,2.25,3,10_hard_pruned,1
804,50,2.25,3,10_medium_full,0
805,50,2.25,3,10_medium_pruned,0
806,50,2.25,3,6_easy_full,1
807,50,2.25,3,6_easy_pruned,0
808,50,2.25,3,6_hard_full,0
809,50,2.25,3,6_hard_pruned,0
810,50,2.25,5,10_easy_full,0
811,50,2.25,5,10_easy_pruned,0
812,50,2.25,5,10_hard_full,0
813,50,2.25,5,10_hard_pruned,1
814,50,2.25,5,10_medium_full,1
815,50,2.25,5,10_medium_pruned,1
816,50,2.25,5,6_easy_full,0
817,50,2.25,5,6_easy_pruned,0
818,50,2.25,5,6_hard_full,0
819,50,2.25,5,6_hard_pruned,0
820,50,2.25,7,10_easy_full,0
821,50,2.25,7,10_easy_pruned,0
822,50,2.25,7,10_hard_full,1
823,50,2.25,7,10_hard_pruned,0
824,50,2.25,7,10_medium_full,0
825,50,2.25,7,10_medium_pruned,0
826,50,2.25,7,6_easy_full,1
827,50,2.25,7,6_easy_pruned,1
828,50,2.25,7,6_hard_full,0
829,50,2.25,7,6_hard_pruned,0
830,50,2.25,10,10_easy_full,1
831,50,2.25,10,10_easy_pruned,0
832,50,2.25,10,10_hard_full,1
833,50,2.25,10,10_hard_pruned,0
834,50,2.25,10,10_medium_full,0
835,50,2.25,10,10_medium_pruned,0
836,50,2.25,10,6_easy_full,0
837,50,2.25,10,6_easy_pruned,1
838,50,2.25,10,6_hard_full,0
839,50,2.25,10,6_hard_pruned,0
840,50,2.5,3,10_easy_full,0
841,50,2.5,3,10_easy_pruned,0
842,50,2.5,3,10_hard_full,0
843,50,2.5,3,10_hard_pruned,0
844,50,2.5,3,10_medium_full,0
845,50,2.5,3,10_medium_pruned,0
846,50,2.5,3,6_easy_full,1
847,50,2.5,3,6_easy_pruned,1
848,50,2.5,3,6_hard_full,0
849,50,2.5,3,6_hard_pruned,0
850,50,2.5,5,10_easy_full,0
851,50,2.5,5,10_easy_pruned,0
852,50,2.5,5,10_hard_full,1
853,50,2.5,5,10_hard_pruned,0
854,50,2.5,5,10_medium_full,0
855,50,2.5,5,10_medium_pruned,0
856,50,2.5,5,6_easy_full,1
857,50,2.5,5,6_easy_pruned,0
858,50,2.5,5,6_hard_full,0
859,50,2.5,5,6_hard_pruned,0
860,50,2.5,7,10_easy_full,0
861,50,2.5,7,10_easy_pruned,1
862,50,2.5,7,10_hard_full,0
863,50,2.5,7,10_hard_pruned,0
864,50,2.5,7,10_medium_full,0
865,50,2.5,7,10_medium_pruned,0
866,50,2.5,7,6_easy_full,0
867,50,2.5,7,6_easy_pruned,0
868,50,2.5,7,6_hard_full,0
869,50,2.5,7,6_hard_pruned,0
870,50,2.5,10,10_easy_full,0
871,50,2.5,10,10_easy_pruned,1
872,50,2.5,10,10_hard_full,0
873,50,2.5,10,10_hard_pruned,0
874,50,2.5,10,10_medium_full,0
875,50,2.5,10,10_medium_pruned,0
876,50,2.5,10,6_easy_full,1
877,50,2.5,10,6_easy_pruned,1
878,50,2.5,10,6_hard_full,0
879,50,2.5,10,6_hard_pruned,0
880,100,0.0,3,10_easy_full,0
881,100,0.0,3,10_easy_pruned,0
882,100,0.0,3,10_hard_full,0
883,100,0.0,3,10_hard_pruned,0
884,100,0.0,3,10_medium_full,0
885,100,0.0,3,10_medium_pruned,0
886,100,0.0,3,6_easy_full,0
887,100,0.0,3,6_easy_pruned,0
888,100,0.0,3,6_hard_full,0
889,100,0.0,3,6_hard_pruned,0
890,100,0.0,5,10_easy_full,0
891,100,0.0,5,10_easy_pruned,0
892,100,0.0,5,10_hard_full,0
893,100,0.0,5,10_hard_pruned,0
894,100,0.0,5,10_medium_full,0
895,100,0.0,5,10_medium_pruned,0
896,100,0.0,5,6_easy_full,0
897,100,0.0,5,6_easy_pruned,0
898,100,0.0,5,6_hard_full,0
899,100,0.0,5,6_hard_pruned,0
900,100,0.0,7,10_easy_full,0
901,100,0.0,7,10_easy_pruned,0
902,100,0.0,7,10_hard_full,0
903,100,0.0,7,10_hard_pruned,0
904,100,0.0,7,10_medium_full,0
905,100,0.0,7,10_medium_pruned,0
906,100,0.0,7,6_easy_full,0
907,100,0.0,7,6_easy_pruned,0
908,100,0.0,7,6_hard_full,0
909,100,0.0,7,6_hard_pruned,0
910,100,0.0,10,10_easy_full,0
911,100,0.0,10,10_easy_pruned,0
912,100,0.0,10,10_hard_full,0
913,100,0.0,10,10_hard_pruned,1
914,100,0.0,10,10_medium_full,0
915,100,0.0,10,10_medium_pruned,0
916,100,0.0,10,6_easy_full,0
917,100,0.0,10,6_easy_pruned,0
918,100,0.0,10,6_hard_full,0
919,100,0.0,10,6_hard_pruned,0
920,100,0.25,3,10_easy_full,0
921,100,0.25,3,10_easy_pruned,0
922,100,0.25,3,10_hard_full,0
923,100,0.25,3,10_hard_pruned,0
924,100,0.25,3,10_medium_full,0
925,100,0.25,3,10_medium_pruned,0
926,100,0.25,3,6_easy_full,0
927,100,0.25,3,6_easy_pruned,0
928,100,0.25,3,6_hard_full,0
929,100,0.25,3,6_hard_pruned,0
930,100,0.25,5,10_easy_full,0
931,100,0.25,5,10_easy_pruned,0
932,100,0.25,5,10_hard_full,0
933,100,0.25,5,10_hard_pruned,0
934,100,0.25,5,10_medium_full,1
935,100,0.25,5,10_medium_pruned,0
936,100,0.25,5,6_easy_full,0
937,100,0.25,5,6_easy_pruned,0
938,100,0.25,5,6_hard_full,0
939,100,0.25,5,6_hard_pruned,1
940,100,0.25,7,10_easy_full,0
941,100,0.25,7,10_easy_pruned,0
942,100,0.25,7,10_hard_full,0
943,100,0.25,7,10_hard_pruned,1
944,100,0.25,7,10_medium_full,0
945,100,0.25,7,10_medium_pruned,0
946,100,0.25,7,6_easy_full,1
947,100,0.25,7,6_easy_pruned,1
948,100,0.25,7,6_hard_full,0
949,100,0.25,7,6_hard_pruned,0
950,100,0.25,10,10_easy_full,0
951,100,0.25,10,10_easy_pruned,0
952,100,0.25,10,10_hard_full,0
953,100,0.25,10,10_hard_pruned,0
954,100,0.25,10,10_medium_full,0
955,100,0.25,10,10_medium_pruned,0
956,100,0.25,10,6_easy_full,0
957,100,0.25,10,6_easy_pruned,0
958,100,0.25,10,6_hard_full,0
959,100,0.25,10,6_hard_pruned,0
960,100,0.5,3,10_easy_full,0
961,100,0.5,3,10_easy_pruned,0
962,100,0.5,3,10_hard_full,0
963,100,0.5,3,10_hard_pruned,0
964,100,0.5,3,10_medium_full,0
965,100,0.5,3,10_medium_pruned,0
966,100,0.5,3,6_easy_full,0
967,100,0.5,3,6_easy_pruned,1
968,100,0.5,3,6_hard_full,0
969,100,0.5,3,6_hard_pruned,0
970,100,0.5,5,10_easy_full,0
971,100,0.5,5,10_easy_pruned,0
972,100,0.5,5,10_hard_full,0
973,100,0.5,5,10_hard_pruned,0
974,100,0.5,5,10_medium_full,0
975,100,0.5,5,10_medium_pruned,0
976,100,0.5,5,6_easy_full,1
977,100,0.5,5,6_easy_pruned,0
978,100,0.5,5,6_hard_full,0
979,100,0.5,5,6_hard_pruned,0
980,100,0.5,7,10_easy_full,0
981,100,0.5,7,10_easy_pruned,0
982,100,0.5,7,10_hard_full,0
983,100,0.5,7,10_hard_pruned,0
984,100,0.5,7,10_medium_full,0
985,100,0.5,7,10_medium_pruned,0
986,100,0.5,7,6_easy_full,0
987,100,0.5,7,6_easy_pruned,1
988,100,0.5,7,6_hard_full,0
989,100,0.5,7,6_hard_pruned,0
990,100,0.5,10,10_easy_full,0
991,100,0.5,10,10_easy_pruned,1
992,100,0.5,10,10_hard_full,0
993,100,0.5,10,10_hard_pruned,0
994,100,0.5,10,10_medium_full,0
995,100,0.5,10,10_medium_pruned,0
996,100,0.5,10,6_easy_full,0
997,100,0.5,10,6_easy_pruned,1
998,100,0.5,10,6_hard_full,0
999,100,0.5,10,6_hard_pruned,0
1000,100,0.75,3,10_easy_full,1
1001,100,0.75,3,10_easy_pruned,0
1002,100,0.75,3,10_hard_full,0
1003,100,0.75,3,10_hard_pruned,0
1004,100,0.75,3,10_medium_full,0
1005,100,0.75,3,10_medium_pruned,1
1006,100,0.75,3,6_easy_full,0
1007,100,0.75,3,6_easy_pruned,1
1008,100,0.75,3,6_hard_full,0
1009,100,0.75,3,6_hard_pruned,1
1010,100,0.75,5,10_easy_full,0
1011,100,0.75,5,10_easy_pruned,0
1012,100,0.75,5,10_hard_full,0
1013,100,0.75,5,10_hard_pruned,0
1014,100,0.75,5,10_medium_full,0
1015,100,0.75,5,10_medium_pruned,0
1016,100,0.75,5,6_easy_full,1
1017,100,0.75,5,6_easy_pruned,0
1018,100,0.75,5,6_hard_full,0
1019,100,0.75,5,6_hard_pruned,0
1020,100,0.75,7,10_easy_full,1
1021,100,0.75,7,10_easy_pruned,0
1022,100,0.75,7,10_hard_full,0
1023,100,0.75,7,10_hard_pruned,0
1024,100,0.75,7,10_medium_full,0
1025,100,0.75,7,10_medium_pruned,1
1026,100,0.75,7,6_easy_full,1
1027,100,0.75,7,6_easy_pruned,0
1028,100,0.75,7,6_hard_full,0
1029,100,0.75,7,6_hard_pruned,0
1030,100,0.75,10,10_easy_full,0
1031,100,0.75,10,10_easy_pruned,0
1032,100,0.75,10,10_hard_full,0
1033,100,0.75,10,10_hard_pruned,0
1034,100,0.75,10,10_medium_full,0
1035,100,0.75,10,10_medium_pruned,0
1036,100,0.75,10,6_easy_full,1
1037,100,0.75,10,6_easy_pruned,0
1038,100,0.75,10,6_hard_full,0
1039,100,0.75,10,6_hard_pruned,0
1040,100,1.0,3,10_easy_full,0
1041,100,1.0,3,10_easy_pruned,0
1042,100,1.0,3,10_hard_full,0
1043,100,1.0,3,10_hard_pruned,0
1044,100,1.0,3,10_medium_full,0
1045,100,1.0,3,10_medium_pruned,0
1046,100,1.0,3,6_easy_full,0
1047,100,1.0,3,6_easy_pruned,0
1048,100,1.0,3,6_hard_full,0
1049,100,1.0,3,6_hard_pruned,0
1050,100,1.0,5,10_easy_full,0
1051,100,1.0,5,10_easy_pruned,0
1052,100,1.0,5,10_hard_full,0
1053,100,1.0,5,10_hard_pruned,0
1054,100,1.0,5,10_medium_full,0
1055,100,1.0,5,10_medium_pruned,1
1056,100,1.0,5,6_easy_full,1
1057,100,1.0,5,6_easy_pruned,1
1058,100,1.0,5,6_hard_full,0
1059,100,1.0,5,6_hard_pruned,0
1060,100,1.0,7,10_easy_full,0
1061,100,1.0,7,10_easy_pruned,1
1062,100,1.0,7,10_hard_full,0
1063,100,1.0,7,10_hard_pruned,0
1064,100,1.0,7,10_medium_full,0
1065,100,1.0,7,10_medium_pruned,1
1066,100,1.0,7,6_easy_full,0
1067,100,1.0,7,6_easy_pruned,0
1068,100,1.0,7,6_hard_full,0
1069,100,1.0,7,6_hard_pruned,0
1070,100,1.0,10,10_easy_full,0
1071,100,1.0,10,10_easy_pruned,0
1072,100,1.0,10,10_hard_full,0
1073,100,1.0,10,10_hard_pruned,0
1074,100,1.0,10,10_medium_full,0
1075,100,1.0,10,10_medium_pruned,0
1076,100,1.0,10,6_easy_full,1
1077,100,1.0,10,6_easy_pruned,1
1078,100,1.0,10,6_hard_full,0
1079,100,1.0,10,6_hard_pruned,0
1080,100,1.25,3,10_easy_full,0
1081,100,1.25,3,10_easy_pruned,0
1082,100,1.25,3,10_hard_full,0
1083,100,1.25,3,10_hard_pruned,0
1084,100,1.25,3,10_medium_full,0
1085,100,1.25,3,10_medium_pruned,0
1086,100,1.25,3,6_easy_full,1
1087,100,1.25,3,6_easy_pruned,0
1088,100,1.25,3,6_hard_full,0
1089,100,1.25,3,6_hard_pruned,1
1090,100,1.25,5,10_easy_full,0
1091,100,1.25,5,10_easy_pruned,1
1092,100,1.25,5,10_hard_full,0
1093,100,1.25,5,10_hard_pruned,0
1094,100,1.25,5,10_medium_full,0
1095,100,1.25,5,10_medium_pruned,0
1096,100,1.25,5,6_easy_full,0
1097,100,1.25,5,6_easy_pruned,1
1098,100,1.25,5,6_hard_full,0
1099,100,1.25,5,6_hard_pruned,0
1100,100,1.25,7,10_easy_full,1
1101,100,1.25,7,10_easy_pruned,0
1102,100,1.25,7,10_hard_full,0
1103,100,1.25,7,10_hard_pruned,0
1104,100,1.25,7,10_medium_full,0
1105,100,1.25,7,10_medium_pruned,0
1106,100,1.25,7,6_easy_full,1
1107,100,1.25,7,6_easy_pruned,0
1108,100,1.25,7,6_hard_full,0
1109,100,1.25,7,6_hard_pruned,0
1110,100,1.25,10,10_easy_full,1
1111,100,1.25,10,10_easy_pruned,1
1112,100,1.25,10,10_hard_full,0
1113,100,1.25,10,10_hard_pruned,0
1114,100,1.25,10,10_medium_full,0
1115,100,1.25,10,10_medium_pruned,0
1116,100,1.25,10,6_easy_full,1
1117,100,1.25,10,6_easy_pruned,0
1118,100,1.25,10,6_hard_full,0
1119,100,1.25,10,6_hard_pruned,0
1120,100,1.5,3,10_easy_full,1
1121,100,1.5,3,10_easy_pruned,0
1122,100,1.5,3,10_hard_full,0
1123,100,1.5,3,10_hard_pruned,0
1124,100,1.5,3,10_medium_full,0
1125,100,1.5,3,10_medium_pruned,0
1126,100,1.5,3,6_easy_full,0
1127,100,1.5,3,6_easy_pruned,0
1128,100,1.5,3,6_hard_full,0
1129,100,1.5,3,6_hard_pruned,0
1130,100,1.5,5,10_easy_full,0
1131,100,1.5,5,10_easy_pruned,0
1132,100,1.5,5,10_hard_full,0
1133,100,1.5,5,10_hard_pruned,1
1134,100,1.5,5,10_medium_full,0
1135,100,1.5,5,10_medium_pruned,0
1136,100,1.5,5,6_easy_full,1
1137,100,1.5,5,6_easy_pruned,1
1138,100,1.5,5,6_hard_full,0
1139,100,1.5,5,6_hard_pruned,0
1140,100,1.5,7,10_easy_full,0
1141,100,1.5,7,10_easy_pruned,0
1142,100,1.5,7,10_hard_full,0
1143,100,1.5,7,10_hard_pruned,0
1144,100,1.5,7,10_medium_full,0
1145,100,1.5,7,10_medium_pruned,0
1146,100,1.5,7,6_easy_full,1
1147,100,1.5,7,6_easy_pruned,0
1148,100,1.5,7,6_hard_full,0
1149,100,1.5,7,6_hard_pruned,0
1150,100,1.5,10,10_easy_full,0
1151,100,1.5,10,10_easy_pruned,0
1152,100,1.5,10,10_hard_full,0
1153,100,1.5,10,10_hard_pruned,0
1154,100,1.5,10,10_medium_full,0
1155,100,1.5,10,10_medium_pruned,1
1156,100,1.5,10,6_easy_full,1
1157,100,1.5,10,6_easy_pruned,1
1158,100,1.5,10,6_hard_full,0
1159,100,1.5,10,6_hard_pruned,0
1160,100,1.75,3,10_easy_full,0
1161,100,1.75,3,10_easy_pruned,0
1162,100,1.75,3,10_hard_full,1
1163,100,1.75,3,10_hard_pruned,0
1164,100,1.75,3,10_medium_full,0
1165,100,1.75,3,10_medium_pruned,0
1166,100,1.75,3,6_easy_full,0
1167,100,1.75,3,6_easy_pruned,0
1168,100,1.75,3,6_hard_full,0
1169,100,1.75,3,6_hard_pruned,0
1170,100,1.75,5,10_easy_full,0
1171,100,1.75,5,10_easy_pruned,0
1172,100,1.75,5,10_hard_full,0
1173,100,1.75,5,10_hard_pruned,0
1174,100,1.75,5,10_medium_full,0
1175,100,1.75,5,10_medium_pruned,0
1176,100,1.75,5,6_easy_full,0
1177,100,1.75,5,6_easy_pruned,1
1178,100,1.75,5,6_hard_full,0
1179,100,1.75,5,6_hard_pruned,0
1180,100,1.75,7,10_easy_full,1
1181,100,1.75,7,10_easy_pruned,1
1182,100,1.75,7,10_hard_full,0
1183,100,1.75,7,10_hard_pruned,0
1184,100,1.75,7,10_medium_full,0
1185,100,1.75,7,10_medium_pruned,0
1186,100,1.75,7,6_easy_full,1
1187,100,1.75,7,6_easy_pruned,1
1188,100,1.75,7,6_hard_full,0
1189,100,1.75,7,6_hard_pruned,0
1190,100,1.75,10,10_easy_full,0
1191,100,1.75,10,10_easy_pruned,1
1192,100,1.75,10,10_hard_full,0
1193,100,1.75,10,10_hard_pruned,1
1194,100,1.75,10,10_medium_full,0
1195,100,1.75,10,10_medium_pruned,0
1196,100,1.75,10,6_easy_full,1
1197,100,1.75,10,6_easy_pruned,1
1198,100,1.75,10,6_hard_full,0
1199,100,1.75,10,6_hard_pruned,0
1200,100,2.0,3,10_easy_full,0
1201,100,2.0,3,10_easy_pruned,0
1202,100,2.0,3,10_hard_full,0
1203,100,2.0,3,10_hard_pruned,0
1204,100,2.0,3,10_medium_full,0
1205,100,2.0,3,10_medium_pruned,0
1206,100,2.0,3,6_easy_full,1
1207,100,2.0,3,6_easy_pruned,0
1208,100,2.0,3,6_hard_full,0
1209,100,2.0,3,6_hard_pruned,1
1210,100,2.0,5,10_easy_full,0
1211,100,2.0,5,10_easy_pruned,0
1212,100,2.0,5,10_hard_full,0
1213,100,2.0,5,10_hard_pruned,0
1214,100,2.0,5,10_medium_full,0
1215,100,2.0,5,10_medium_pruned,0
1216,100,2.0,5,6_easy_full,1
1217,100,2.0,5,6_easy_pruned,1
1218,100,2.0,5,6_hard_full,0
1219,100,2.0,5,6_hard_pruned,0
1220,100,2.0,7,10_easy_full,1
1221,100,2.0,7,10_easy_pruned,0
1222,100,2.0,7,10_hard_full,0
1223,100,2.0,7,10_hard_pruned,0
1224,100,2.0,7,10_medium_full,0
1225,100,2.0,7,10_medium_pruned,0
1226,100,2.0,7,6_easy_full,0
1227,100,2.0,7,6_easy_pruned,0
1228,100,2.0,7,6_hard_full,0
1229,100,2.0,7,6_hard_pruned,0
1230,100,2.0,10,10_easy_full,0
1231,100,2.0,10,10_easy_pruned,1
1232,100,2.0,10,10_hard_full,1
1233,100,2.0,10,10_hard_pruned,0
1234,100,2.0,10,10_medium_full,0
1235,100,2.0,10,10_medium_pruned,0
1236,100,2.0,10,6_easy_full,1
1237,100,2.0,10,6_easy_pruned,0
1238,100,2.0,10,6_hard_full,0
1239,100,2.0,10,6_hard_pruned,0
1240,100,2.25,3,10_easy_full,1
1241,100,2.25,3,10_easy_pruned,0
1242,100,2.25,3,10_hard_full,0
1243,100,2.25,3,10_hard_pruned,0
1244,100,2.25,3,10_medium_full,0
1245,100,2.25,3,10_medium_pruned,0
1246,100,2.25,3,6_easy_full,0
1247,100,2.25,3,6_easy_pruned,0
1248,100,2.25,3,6_hard_full,0
1249,100,2.25,3,6_hard_pruned,1
1250,100,2.25,5,10_easy_full,0
1251,100,2.25,5,10_easy_pruned,1
1252,100,2.25,5,10_hard_full,0
1253,100,2.25,5,10_hard_pruned,0
1254,100,2.25,5,10_medium_full,1
1255,100,2.25,5,10_medium_pruned,0
1256,100,2.25,5,6_easy_full,0
1257,100,2.25,5,6_easy_pruned,1
1258,100,2.25,5,6_hard_full,0
1259,100,2.25,5,6_hard_pruned,1
1260,100,2.25,7,10_easy_full,0
1261,100,2.25,7,10_easy_pruned,0
1262,100,2.25,7,10_hard_full,0
1263,100,2.25,7,10_hard_pruned,0
1264,100,2.25,7,10_medium_full,0
1265,100,2.25,7,10_medium_pruned,1
1266,100,2.25,7,6_easy_full,1
1267,100,2.25,7,6_easy_pruned,0
1268,100,2.25,7,6_hard_full,0
1269,100,2.25,7,6_hard_pruned,0
1270,100,2.25,10,10_easy_full,1
1271,100,2.25,10,10_easy_pruned,0
1272,100,2.25,10,10_hard_full,0
1273,100,2.25,10,10_hard_pruned,0
1274,100,2.25,10,10_medium_full,0
1275,100,2.25,10,10_medium_pruned,0
1276,100,2.25,10,6_easy_full,1
1277,100,2.25,10,6_easy_pruned,1
1278,100,2.25,10,6_hard_full,0
1279,100,2.25,10,6_hard_pruned,0
1280,100,2.5,3,10_easy_full,0
1281,100,2.5,3,10_easy_pruned,0
1282,100,2.5,3,10_hard_full,1
1283,100,2.5,3,10_hard_pruned,1
1284,100,2.5,3,10_medium_full,0
1285,100,2.5,3,10_medium_pruned,0
1286,100,2.5,3,6_easy_full,1
1287,100,2.5,3,6_easy_pruned,0
1288,100,2.5,3,6_hard_full,0
1289,100,2.5,3,6_hard_pruned,0
1290,100,2.5,5,10_easy_full,0
1291,100,2.5,5,10_easy_pruned,0
1292,100,2.5,5,10_hard_full,0
1293,100,2.5,5,10_hard_pruned,0
1294,100,2.5,5,10_medium_full,0
1295,100,2.5,5,10_medium_pruned,0
1296,100,2.5,5,6_easy_full,0
1297,100,2.5,5,6_easy_pruned,1
1298,100,2.5,5,6_hard_full,0
1299,100,2.5,5,6_hard_pruned,0
1300,100,2.5,7,10_easy_full,0
1301,100,2.5,7,10_easy_pruned,1
1302,100,2.5,7,10_hard_full,0
1303,100,2.5,7,10_hard_pruned,0
1304,100,2.5,7,10_medium_full,1
1305,100,2.5,7,10_medium_pruned,0
1306,100,2.5,7,6_easy_full,1
1307,100,2.5,7,6_easy_pruned,1
1308,100,2.5,7,6_hard_full,0
1309,100,2.5,7,6_hard_pruned,0
1310,100,2.5,10,10_easy_full,0
1311,100,2.5,10,10_easy_pruned,1
1312,100,2.5,10,10_hard_full,0
1313,100,2.5,10,10_hard_pruned,0
1314,100,2.5,10,10_medium_full,1
1315,100,2.5,10,10_medium_pruned,0
1316,100,2.5,10,6_easy_full,0
1317,100,2.5,10,6_easy_pruned,1
1318,100,2.5,10,6_hard_full,0
1319,100,2.5,10,6_hard_pruned,0
1320,200,0.0,3,10_easy_full,0
1321,200,0.0,3,10_easy_pruned,0
1322,200,0.0,3,10_hard_full,0
1323,200,0.0,3,10_hard_pruned,0
1324,200,0.0,3,10_medium_full,0
1325,200,0.0,3,10_medium_pruned,0
1326,200,0.0,3,6_easy_full,0
1327,200,0.0,3,6_easy_pruned,0
1328,200,0.0,3,6_hard_full,0
1329,200,0.0,3,6_hard_pruned,0
1330,200,0.0,5,10_easy_full,0
1331,200,0.0,5,10_easy_pruned,0
1332,200,0.0,5,10_hard_full,0
1333,200,0.0,5,10_hard_pruned,0
1334,200,0.0,5,10_medium_full,0
1335,200,0.0,5,10_medium_pruned,0
1336,200,0.0,5,6_easy_full,0
1337,200,0.0,5,6_easy_pruned,0
1338,200,0.0,5,6_hard_full,0
1339,200,0.0,5,6_hard_pruned,0
1340,200,0.0,7,10_easy_full,0
1341,200,0.0,7,10_easy_pruned,0
1342,200,0.0,7,10_hard_full,0
1343,200,0.0,7,10_hard_pruned,0
1344,200,0.0,7,10_medium_full,1
1345,200,0.0,7,10_medium_pruned,0
1346,200,0.0,7,6_easy_full,0
1347,200,0.0,7,6_easy_pruned,0
1348,200,0.0,7,6_hard_full,0
1349,200,0.0,7,6_hard_pruned,0
1350,200,0.0,10,10_easy_full,0
1351,200,0.0,10,10_easy_pruned,0
1352,200,0.0,10,10_hard_full,0
1353,200,0.0,10,10_hard_pruned,1
1354,200,0.0,10,10_medium_full,1
1355,200,0.0,10,10_medium_pruned,0
1356,200,0.0,10,6_easy_full,0
1357,200,0.0,10,6_easy_pruned,1
1358,200,0.0,10,6_hard_full,0
1359,200,0.0,10,6_hard_pruned,0
1360,200,0.25,3,10_easy_full,0
1361,200,0.25,3,10_easy_pruned,0
1362,200,0.25,3,10_hard_full,0
1363,200,0.25,3,10_hard_pruned,0
1364,200,0.25,3,10_medium_full,0
1365,200,0.25,3,10_medium_pruned,0
1366,200,0.25,3,6_easy_full,0
1367,200,0.25,3,6_easy_pruned,0
1368,200,0.25,3,6_hard_full,0
1369,200,0.25,3,6_hard_pruned,0
1370,200,0.25,5,10_easy_full,0
1371,200,0.25,5,10_easy_pruned,1
1372,200,0.25,5,10_hard_full,0
1373,200,0.25,5,10_hard_pruned,0
1374,200,0.25,5,10_medium_full,0
1375,200,0.25,5,10_medium_pruned,0
1376,200,0.25,5,6_easy_full,0
1377,200,0.25,5,6_easy_pruned,1
1378,200,0.25,5,6_hard_full,0
1379,200,0.25,5,6_hard_pruned,0
1380,200,0.25,7,10_easy_full,0
1381,200,0.25,7,10_easy_pruned,0
1382,200,0.25,7,10_hard_full,0
1383,200,0.25,7,10_hard_pruned,0
1384,200,0.25,7,10_medium_full,0
1385,200,0.25,7,10_medium_pruned,0
1386,200,0.25,7,6_easy_full,1
1387,200,0.25,7,6_easy_pruned,0
1388,200,0.25,7,6_hard_full,0
1389,200,0.25,7,6_hard_pruned,0
1390,200,0.25,10,10_easy_full,0
1391,200,0.25,10,10_easy_pruned,0
1392,200,0.25,10,10_hard_full,0
1393,200,0.25,10,10_hard_pruned,1
1394,200,0.25,10,10_medium_full,0
1395,200,0.25,10,10_medium_pruned,0
1396,200,0.25,10,6_easy_full,0
1397,200,0.25,10,6_easy_pruned,0
1398,200,0.25,10,6_hard_full,0
1399,200,0.25,10,6_hard_pruned,0
1400,200,0.5,3,10_easy_full,1
1401,200,0.5,3,10_easy_pruned,0
1402,200,0.5,3,10_hard_full,0
1403,200,0.5,3,10_hard_pruned,0
1404,200,0.5,3,10_medium_full,0
1405,200,0.5,3,10_medium_pruned,0
1406,200,0.5,3,6_easy_full,0
1407,200,0.5,3,6_easy_pruned,1
1408,200,0.5,3,6_hard_full,0
1409,200,0.5,3,6_hard_pruned,0
1410,200,0.5,5,10_easy_full,0
1411,200,0.5,5,10_easy_pruned,1
1412,200,0.5,5,10_hard_full,0
1413,200,0.5,5,10_hard_pruned,0
1414,200,0.5,5,10_medium_full,0
1415,200,0.5,5,10_medium_pruned,0
1416,200,0.5,5,6_easy_full,0
1417,200,0.5,5,6_easy_pruned,0
1418,200,0.5,5,6_hard_full,0
1419,200,0.5,5,6_hard_pruned,0
1420,200,0.5,7,10_easy_full,0
1421,200,0.5,7,10_easy_pruned,0
1422,200,0.5,7,10_hard_full,0
1423,200,0.5,7,10_hard_pruned,0
1424,200,0.5,7,10_medium_full,0
1425,200,0.5,7,10_medium_pruned,0
1426,200,0.5,7,6_easy_full,1
1427,200,0.5,7,6_easy_pruned,1
1428,200,0.5,7,6_hard_full,0
1429,200,0.5,7,6_hard_pruned,0
1430,200,0.5,10,10_easy_full,0
1431,200,0.5,10,10_easy_pruned,0
1432,200,0.5,10,10_hard_full,0
1433,200,0.5,10,10_hard_pruned,0
1434,200,0.5,10,10_medium_full,0
1435,200,0.5,10,10_medium_pruned,0
1436,200,0.5,10,6_easy_full,0
1437,200,0.5,10,6_easy_pruned,0
1438,200,0.5,10,6_hard_full,0
1439,200,0.5,10,6_hard_pruned,0
1440,200,0.75,3,10_easy_full,0
1441,200,0.75,3,10_easy_pruned,0
1442,200,0.75,3,10_hard_full,0
1443,200,0.75,3,10_hard_pruned,1
1444,200,0.75,3,10_medium_full,0
1445,200,0.75,3,10_medium_pruned,0
1446,200,0.75,3,6_easy_full,1
1447,200,0.75,3,6_easy_pruned,0
1448,200,0.75,3,6_hard_full,0
1449,200,0.75,3,6_hard_pruned,0
1450,200,0.75,5,10_easy_full,0
1451,200,0.75,5,10_easy_pruned,0
1452,200,0.75,5,10_hard_full,0
1453,200,0.75,5,10_hard_pruned,0
1454,200,0.75,5,10_medium_full,0
1455,200,0.75,5,10_medium_pruned,0
1456,200,0.75,5,6_easy_full,1
1457,200,0.75,5,6_easy_pruned,1
1458,200,0.75,5,6_hard_full,0
1459,200,0.75,5,6_hard_pruned,0
1460,200,0.75,7,10_easy_full,0
1461,200,0.75,7,10_easy_pruned,0
1462,200,0.75,7,10_hard_full,0
1463,200,0.75,7,10_hard_pruned,0
1464,200,0.75,7,10_medium_full,1
1465,200,0.75,7,10_medium_pruned,0
1466,200,0.75,7,6_easy_full,1
1467,200,0.75,7,6_easy_pruned,0
1468,200,0.75,7,6_hard_full,0
1469,200,0.75,7,6_hard_pruned,1
1470,200,0.75,10,10_easy_full,0
1471,200,0.75,10,10_easy_pruned,1
1472,200,0.75,10,10_hard_full,1
1473,200,0.75,10,10_hard_pruned,0
1474,200,0.75,10,10_medium_full,0
1475,200,0.75,10,10_medium_pruned,0
1476,200,0.75,10,6_easy_full,0
1477,200,0.75,10,6_easy_pruned,0
1478,200,0.75,10,6_hard_full,0
1479,200,0.75,10,6_hard_pruned,0
1480,200,1.0,3,10_easy_full,0
1481,200,1.0,3,10_easy_pruned,0
1482,200,1.0,3,10_hard_full,0
1483,200,1.0,3,10_hard_pruned,0
1484,200,1.0,3,10_medium_full,0
1485,200,1.0,3,10_medium_pruned,0
1486,200,1.0,3,6_easy_full,1
1487,200,1.0,3,6_easy_pruned,0
1488,200,1.0,3,6_hard_full,0
1489,200,1.0,3,6_hard_pruned,0
1490,200,1.0,5,10_easy_full,0
1491,200,1.0,5,10_easy_pruned,0
1492,200,1.0,5,10_hard_full,0
1493,200,1.0,5,10_hard_pruned,0
1494,200,1.0,5,10_medium_full,0
1495,200,1.0,5,10_medium_pruned,1
1496,200,1.0,5,6_easy_full,1
1497,200,1.0,5,6_easy_pruned,0
1498,200,1.0,5,6_hard_full,0
1499,200,1.0,5,6_hard_pruned,1
1500,200,1.0,7,10_easy_full,0
1501,200,1.0,7,10_easy_pruned,0
1502,200,1.0,7,10_hard_full,0
1503,200,1.0,7,10_hard_pruned,1
1504,200,1.0,7,10_medium_full,0
1505,200,1.0,7,10_medium_pruned,0
1506,200,1.0,7,6_easy_full,0
1507,200,1.0,7,6_easy_pruned,0
1508,200,1.0,7,6_hard_full,0
1509,200,1.0,7,6_hard_pruned,0
1510,200,1.0,10,10_easy_full,0
1511,200,1.0,10,10_easy_pruned,0
1512,200,1.0,10,10_hard_full,0
1513,200,1.0,10,10_hard_pruned,0
1514,200,1.0,10,10_medium_full,0
1515,200,1.0,10,10_medium_pruned,0
1516,200,1.0,10,6_easy_full,1
1517,200,1.0,10,6_easy_pruned,1
1518,200,1.0,10,6_hard_full,0
1519,200,1.0,10,6_hard_pruned,0
1520,200,1.25,3,10_easy_full,0
1521,200,1.25,3,10_easy_pruned,0
1522,200,1.25,3,10_hard_full,1
1523,200,1.25,3,10_hard_pruned,1
1524,200,1.25,3,10_medium_full,0
1525,200,1.25,3,10_medium_pruned,1
1526,200,1.25,3,6_easy_full,0
1527,200,1.25,3,6_easy_pruned,0
1528,200,1.25,3,6_hard_full,0
1529,200,1.25,3,6_hard_pruned,0
1530,200,1.25,5,10_easy_full,0
1531,200,1.25,5,10_easy_pruned,0
1532,200,1.25,5,10_hard_full,0
1533,200,1.25,5,10_hard_pruned,0
1534,200,1.25,5,10_medium_full,0
1535,200,1.25,5,10_medium_pruned,0
1536,200,1.25,5,6_easy_full,1
1537,200,1.25,5,6_easy_pruned,1
1538,200,1.25,5,6_hard_full,0
1539,200,1.25,5,6_hard_pruned,0
1540,200,1.25,7,10_easy_full,0
1541,200,1.25,7,10_easy_pruned,0
1542,200,1.25,7,10_hard_full,0
1543,200,1.25,7,10_hard_pruned,0
1544,200,1.25,7,10_medium_full,0
1545,200,1.25,7,10_medium_pruned,0
1546,200,1.25,7,6_easy_full,1
1547,200,1.25,7,6_easy_pruned,1
1548,200,1.25,7,6_hard_full,0
1549,200,1.25,7,6_hard_pruned,0
1550,200,1.25,10,10_easy_full,0
1551,200,1.25,10,10_easy_pruned,0
1552,200,1.25,10,10_hard_full,0
1553,200,1.25,10,10_hard_pruned,0
1554,200,1.25,10,10_medium_full,1
1555,200,1.25,10,10_medium_pruned,0
1556,200,1.25,10,6_easy_full,0
1557,200,1.25,10,6_easy_pruned,1
1558,200,1.25,10,6_hard_full,0
1559,200,1.25,10,6_hard_pruned,0
1560,200,1.5,3,10_easy_full,0
1561,200,1.5,3,10_easy_pruned,0
1562,200,1.5,3,10_hard_full,0
1563,200,1.5,3,10_hard_pruned,0
1564,200,1.5,3,10_medium_full,0
1565,200,1.5,3,10_medium_pruned,0
1566,200,1.5,3,6_easy_full,0
1567,200,1.5,3,6_easy_pruned,1
1568,200,1.5,3,6_hard_full,0
1569,200,1.5,3,6_hard_pruned,0
1570,200,1.5,5,10_easy_full,0
1571,200,1.5,5,10_easy_pruned,0
1572,200,1.5,5,10_hard_full,0
1573,200,1.5,5,10_hard_pruned,0
1574,200,1.5,5,10_medium_full,0
1575,200,1.5,5,10_medium_pruned,0
1576,200,1.5,5,6_easy_full,1
1577,200,1.5,5,6_easy_pruned,1
1578,200,1.5,5,6_hard_full,0
1579,200,1.5,5,6_hard_pruned,0
1580,200,1.5,7,10_easy_full,0
1581,200,1.5,7,10_easy_pruned,0
1582,200,1.5,7,10_hard_full,0
1583,200,1.5,7,10_hard_pruned,1
1584,200,1.5,7,10_medium_full,0
1585,200,1.5,7,10_medium_pruned,0
1586,200,1.5,7,6_easy_full,1
1587,200,1.5,7,6_easy_pruned,1
1588,200,1.5,7,6_hard_full,0
1589,200,1.5,7,6_hard_pruned,0
1590,200,1.5,10,10_easy_full,0
1591,200,1.5,10,10_easy_pruned,0
1592,200,1.5,10,10_hard_full,0
1593,200,1.5,10,10_hard_pruned,1
1594,200,1.5,10,10_medium_full,0
1595,200,1.5,10,10_medium_pruned,0
1596,200,1.5,10,6_easy_full,1
1597,200,1.5,10,6_easy_pruned,1
1598,200,1.5,10,6_hard_full,0
1599,200,1.5,10,6_hard_pruned,0
1600,200,1.75,3,10_easy_full,0
1601,200,1.75,3,10_easy_pruned,0
1602,200,1.75,3,10_hard_full,0
1603,200,1.75,3,10_hard_pruned,0
1604,200,1.75,3,10_medium_full,0
1605,200,1.75,3,10_medium_pruned,0
1606,200,1.75,3,6_easy_full,1
1607,200,1.75,3,6_easy_pruned,0
1608,200,1.75,3,6_hard_full,0
1609,200,1.75,3,6_hard_pruned,0
1610,200,1.75,5,10_easy_full,1
1611,200,1.75,5,10_easy_pruned,1
1612,200,1.75,5,10_hard_full,0
1613,200,1.75,5,10_hard_pruned,1
1614,200,1.75,5,10_medium_full,0
1615,200,1.75,5,10_medium_pruned,0
1616,200,1.75,5,6_easy_full,1
1617,200,1.75,5,6_easy_pruned,0
1618,200,1.75,5,6_hard_full,0
1619,200,1.75,5,6_hard_pruned,0
1620,200,1.75,7,10_easy_full,0
1621,200,1.75,7,10_easy_pruned,1
1622,200,1.75,7,10_hard_full,0
1623,200,1.75,7,10_hard_pruned,0
1624,200,1.75,7,10_medium_full,0
1625,200,1.75,7,10_medium_pruned,1
1626,200,1.75,7,6_easy_full,0
1627,200,1.75,7,6_easy_pruned,1
1628,200,1.75,7,6_hard_full,0
1629,200,1.75,7,6_hard_pruned,0
1630,200,1.75,10,10_easy_full,1
1631,200,1.75,10,10_easy_pruned,1
1632,200,1.75,10,10_hard_full,0
1633,200,1.75,10,10_hard_pruned,0
1634,200,1.75,10,10_medium_full,0
1635,200,1.75,10,10_medium_pruned,0
1636,200,1.75,10,6_easy_full,0
1637,200,1.75,10,6_easy_pruned,1
1638,200,1.75,10,6_hard_full,0
1639,200,1.75,10,6_hard_pruned,0
1640,200,2.0,3,10_easy_full,0
1641,200,2.0,3,10_easy_pruned,0
1642,200,2.0,3,10_hard_full,1
1643,200,2.0,3,10_hard_pruned,0
1644,200,2.0,3,10_medium_full,0
1645,200,2.0,3,10_medium_pruned,0
1646,200,2.0,3,6_easy_full,0
1647,200,2.0,3,6_easy_pruned,0
1648,200,2.0,3,6_hard_full,0
1649,200,2.0,3,6_hard_pruned,0
1650,200,2.0,5,10_easy_full,0
1651,200,2.0,5,10_easy_pruned,0
1652,200,2.0,5,10_hard_full,0
1653,200,2.0,5,10_hard_pruned,0
1654,200,2.0,5,10_medium_full,1
1655,200,2.0,5,10_medium_pruned,0
1656,200,2.0,5,6_easy_full,0
1657,200,2.0,5,6_easy_pruned,1
1658,200,2.0,5,6_hard_full,0
1659,200,2.0,5,6_hard_pruned,0
1660,200,2.0,7,10_easy_full,0
1661,200,2.0,7,10_easy_pruned,1
1662,200,2.0,7,10_hard_full,0
1663,200,2.0,7,10_hard_pruned,0
1664,200,2.0,7,10_medium_full,0
1665,200,2.0,7,10_medium_pruned,0
1666,200,2.0,7,6_easy_full,1
1667,200,2.0,7,6_easy_pruned,1
1668,200,2.0,7,6_hard_full,0
1669,200,2.0,7,6_hard_pruned,0
1670,200,2.0,10,10_easy_full,0
1671,200,2.0,10,10_easy_pruned,0
1672,200,2.0,10,10_hard_full,0
1673,200,2.0,10,10_hard_pruned,0
1674,200,2.0,10,10_medium_full,0
1675,200,2.0,10,10_medium_pruned,0
1676,200,2.0,10,6_easy_full,1
1677,200,2.0,10,6_easy_pruned,0
1678,200,2.0,10,6_hard_full,0
1679,200,2.0,10,6_hard_pruned,0
1680,200,2.25,3,10_easy_full,0
1681,200,2.25,3,10_easy_pruned,0
1682,200,2.25,3,10_hard_full,0
1683,200,2.25,3,10_hard_pruned,0
1684,200,2.25,3,10_medium_full,0
1685,200,2.25,3,10_medium_pruned,0
1686,200,2.25,3,6_easy_full,0
1687,200,2.25,3,6_easy_pruned,1
1688,200,2.25,3,6_hard_full,1
1689,200,2.25,3,6_hard_pruned,0
1690,200,2.25,5,10_easy_full,0
1691,200,2.25,5,10_easy_pruned,1
1692,200,2.25,5,10_hard_full,0
1693,200,2.25,5,10_hard_pruned,1
1694,200,2.25,5,10_medium_full,0
1695,200,2.25,5,10_medium_pruned,0
1696,200,2.25,5,6_easy_full,0
1697,200,2.25,5,6_easy_pruned,1
1698,200,2.25,5,6_hard_full,0
1699,200,2.25,5,6_hard_pruned,0
1700,200,2.25,7,10_easy_full,0
1701,200,2.25,7,10_easy_pruned,0
1702,200,2.25,7,10_hard_full,0
1703,200,2.25,7,10_hard_pruned,0
1704,200,2.25,7,10_medium_full,0
1705,200,2.25,7,10_medium_pruned,1
1706,200,2.25,7,6_easy_full,1
1707,200,2.25,7,6_easy_pruned,1
1708,200,2.25,7,6_hard_full,0
1709,200,2.25,7,6_hard_pruned,0
1710,200,2.25,10,10_easy_full,1
1711,200,2.25,10,10_easy_pruned,0
1712,200,2.25,10,10_hard_full,0
1713,200,2.25,10,10_hard_pruned,0
1714,200,2.25,10,10_medium_full,0
1715,200,2.25,10,10_medium_pruned,0
1716,200,2.25,10,6_easy_full,1
1717,200,2.25,10,6_easy_pruned,1
1718,200,2.25,10,6_hard_full,0
1719,200,2.25,10,6_hard_pruned,1
1720,200,2.5,3,10_easy_full,1
1721,200,2.5,3,10_easy_pruned,0
1722,200,2.5,3,10_hard_full,0
1723,200,2.5,3,10_hard_pruned,0
1724,200,2.5,3,10_medium_full,0
1725,200,2.5,3,10_medium_pruned,0
1726,200,2.5,3,6_easy_full,0
1727,200,2.5,3,6_easy_pruned,1
1728,200,2.5,3,6_hard_full,0
1729,200,2.5,3,6_hard_pruned,0
1730,200,2.5,5,10_easy_full,0
1731,200,2.5,5,10_easy_pruned,1
1732,200,2.5,5,10_hard_full,0
1733,200,2.5,5,10_hard_pruned,1
1734,200,2.5,5,10_medium_full,0
1735,200,2.5,5,10_medium_pruned,0
1736,200,2.5,5,6_easy_full,1
1737,200,2.5,5,6_easy_pruned,0
1738,200,2.5,5,6_hard_full,0
1739,200,2.5,5,6_hard_pruned,1
1740,200,2.5,7,10_easy_full,0
1741,200,2.5,7,10_easy_pruned,0
1742,200,2.5,7,10_hard_full,0
1743,200,2.5,7,10_hard_pruned,1
1744,200,2.5,7,10_medium_full,0
1745,200,2.5,7,10_medium_pruned,0
1746,200,2.5,7,6_easy_full,1
1747,200,2.5,7,6_easy_pruned,1
1748,200,2.5,7,6_hard_full,0
1749,200,2.5,7,6_hard_pruned,0
1750,200,2.5,10,10_easy_full,0
1751,200,2.5,10,10_easy_pruned,1
1752,200,2.5,10,10_hard_full,0
1753,200,2.5,10,10_hard_pruned,0
1754,200,2.5,10,10_medium_full,0
1755,200,2.5,10,10_medium_pruned,0
1756,200,2.5,10,6_easy_full,1
1757,200,2.5,10,6_easy_pruned,1
1758,200,2.5,10,6_hard_full,0
1759,200,2.5,10,6_hard_pruned,0
